shot_id,cycle_time_s,cast_pressure_bar,hi_v_mm_s,p_rise_bar,filling_time_s,biscuit_thickness_mm,die_temperature_c,shot_weight_kg,reject
1,63.158,756.831,134.927,215.53,0.4262,9.579,219.373,3.167,0
2,58.048,769.075,148.584,230.131,0.4325,9.481,218.22,3.281,0
3,64.852,789.133,149.708,199.92,0.4175,9.802,218.03,3.173,0
4,65.574,780.123,140.154,220.599,0.4375,9.712,215.797,3.244,0
5,54.586,764.212,134.202,208.186,0.4156,8.455,211.488,3.213,0
6,57.052,765.143,129.01,212.931,0.3998,9.691,210.331,3.252,0
7,62.486,767.445,143.269,196.437,0.4587,9.149,221.508,3.208,0
8,60.798,763.508,137.57,220.11,0.4132,9.002,218.68,3.084,0
9,61.936,821.034,140.705,215.347,0.3995,9.434,211.526,3.271,0
10,58.758,783.572,142.322,209.099,0.4179,9.644,214.81,3.194,0
11,65.342,797.8,144.033,214.948,0.4168,8.926,213.9,3.255,0
12,64.956,772.822,153.876,205.829,0.4148,9.747,209.714,3.248,0
13,62.251,776.791,132.118,202.53,0.4205,9.767,215.918,3.146,0
14,66.284,769.512,131.764,203.381,0.4219,9.516,213.437,3.136,0
15,63.777,733.246,138.744,193.802,0.4348,9.196,210.451,3.246,0
16,58.735,753.4,146.517,217.228,0.3842,9.157,207.212,3.179,1
17,63.401,748.18,130.239,216.285,0.4618,9.859,207.349,3.266,0
18,58.356,737.5,127.825,200.611,0.428,8.971,212.706,3.188,0
19,65.338,760.319,143.409,212.436,0.4354,9.873,214.975,3.272,0
20,61.81,803.745,135.834,205.859,0.3893,9.442,210.601,3.23,0
21,61.298,778.814,131.616,209.682,0.4118,9.466,218.169,3.22,0
22,59.412,801.807,149.577,205.986,0.4024,8.902,214.362,3.174,0
23,66.646,789.953,158.835,205.976,0.444,9.449,218.442,3.216,0
24,61.413,793.763,146.079,218.654,0.406,9.715,214.015,3.283,0
25,60.372,762.889,140.573,208.515,0.4379,9.032,210.869,3.196,0
26,60.662,788.695,155.545,228.497,0.4061,9.675,215.41,3.237,0
27,64.023,794.229,164.017,214.554,0.4083,9.531,208.929,3.203,0
28,63.389,770.384,138.077,201.068,0.418,9.275,217.864,3.209,0
29,63.568,790.934,148.162,220.511,0.4404,9.799,210.502,3.321,0
30,63.637,791.092,161.082,218.584,0.3832,8.729,219.788,3.284,0
31,70.138,774.584,132.72,213.113,0.3977,9.621,214.284,3.206,0
32,60.456,758.941,145.875,219.717,0.3902,10.067,220.127,3.215,0
33,60.053,757.615,131.156,201.732,0.406,10.004,209.153,3.151,0
34,58.908,779.856,145.674,209.13,0.4054,9.636,211.24,3.188,0
35,64.341,787.174,145.454,208.728,0.3891,9.394,217.186,3.222,0
36,66.29,768.094,134.722,197.413,0.4098,9.277,221.367,3.26,0
37,61.567,780.24,138.19,206.393,0.3837,9.394,223.281,3.252,0
38,58.807,788.514,149.489,221.679,0.3995,9.69,214.824,3.122,0
39,58.867,789.404,154.79,214.053,0.4393,9.217,223.813,3.268,0
40,64.472,809.294,152.88,200.965,0.4199,9.765,213.848,3.194,0
41,64.824,804.539,152.853,199.281,0.4172,10.247,220.833,3.131,0
42,64.064,763.112,143.932,223.083,0.4062,9.478,210.537,3.294,0
43,59.471,808.914,146.873,209.689,0.3851,9.029,216.798,3.302,0
44,62.882,770.928,147.456,205.361,0.4018,9.029,203.397,3.218,0
45,62.443,799.052,156.451,210.327,0.4145,9.772,209.445,3.25,0
46,62.831,781.681,163.73,202.302,0.4352,9.479,217.433,3.254,0
47,65.311,774.403,140.688,220.436,0.4376,9.807,208.835,3.298,0
48,62.85,747.929,132.172,204.033,0.4394,9.313,217.237,3.251,0
49,64.58,778.331,149.882,222.013,0.4071,9.791,219.842,3.107,0
50,62.257,752.072,142.355,209.831,0.4274,9.445,212.524,3.341,0
51,63.099,798.016,146.659,221.801,0.4097,9.244,210.287,3.275,0
52,64.399,808.622,150.764,213.322,0.4092,9.36,212.917,3.164,0
53,56.463,762.61,143.571,216.511,0.461,9.081,209.506,3.128,0
54,60.785,784.767,140.637,214.793,0.3871,10.196,214.348,3.235,0
55,60.213,765.96,137.914,213.427,0.4193,9.466,215.296,3.181,0
56,59.572,767.352,141.833,212.087,0.445,9.726,213.179,3.223,0
57,60.954,793.366,155.981,210.553,0.3903,9.312,223.246,3.252,0
58,67.681,782.431,141.497,224.553,0.4078,9.132,212.085,3.16,0
59,58.71,809.504,140.955,201.855,0.4031,9.418,221.562,3.122,0
60,65.679,773.344,129.587,206.644,0.4176,9.885,210.235,3.227,0
61,55.605,794.471,140.525,209.135,0.3877,9.318,214.596,3.163,0
62,60.727,781.054,136.124,211.267,0.4305,9.195,220.763,3.21,0
63,62.618,794.664,148.317,207.294,0.4283,9.554,220.731,3.106,0
64,64.228,773.176,134.631,210.237,0.4309,9.675,213.166,3.182,0
65,64.703,780.594,140.259,207.606,0.4042,10.075,218.1,3.25,0
66,65.015,779.579,139.455,196.125,0.4217,9.624,217.468,3.242,0
67,60.675,764.222,137.183,208.357,0.4078,9.725,212.141,3.145,0
68,60.243,790.951,157.543,203.955,0.4113,9.752,217.869,3.118,0
69,65.26,793.498,153.683,198.035,0.4554,9.096,224.704,3.201,0
70,61.273,790.284,148.198,211.799,0.4192,9.163,217.271,3.239,0
71,57.152,804.999,149.273,214.843,0.3924,9.121,217.25,3.228,0
72,57.694,803.72,149.083,215.112,0.4173,9.034,217.844,3.164,0
73,58.506,771.329,144.693,214.47,0.3978,9.778,207.276,3.221,0
74,63.889,787.754,151.415,195.951,0.3965,9.602,217.528,3.305,0
75,62.541,769.073,135.369,196.993,0.404,9.528,209.981,3.214,0
76,64.624,781.864,145.814,225.967,0.4115,8.593,212.365,3.086,0
77,60.376,768.312,127.272,197.722,0.4398,10.219,225.615,3.214,0
78,62.602,809.493,155.33,217.159,0.423,9.187,213.806,3.343,0
79,64.377,787.854,152.691,206.197,0.4275,10.218,211.584,3.11,0
80,60.824,775.429,141.668,209.904,0.4014,8.993,220.622,3.202,0
81,63.736,802.44,164.448,209.212,0.4046,9.216,210.47,3.184,0
82,59.485,739.545,126.695,210.465,0.435,8.729,212.461,3.207,0
83,60.62,742.987,135.418,208.986,0.4179,9.627,221.08,3.214,0
84,60.549,793.527,148.807,207.251,0.4116,9.115,215.04,3.28,0
85,57.456,778.589,143.875,201.351,0.4283,9.124,206.647,3.206,0
86,63.85,785.526,145.857,212.331,0.4123,9.02,217.942,3.289,0
87,60.216,755.144,138.293,198.823,0.4303,9.772,212.804,3.192,0
88,62.047,779.608,150.818,214.7,0.4488,9.749,222.705,3.175,0
89,63.827,817.068,165.765,235.58,0.4076,10.134,212.188,3.153,0
90,63.697,795.769,149.715,221.839,0.4373,9.26,220.46,3.073,0
91,64.528,784.445,152.041,217.296,0.429,9.577,224.182,3.219,0
92,61.626,771.891,137.655,207.699,0.3956,9.049,210.7,3.344,0
93,60.391,772.013,147.966,195.142,0.4022,9.383,213.841,3.232,0
94,61.697,741.508,128.118,195.708,0.4146,9.318,216.907,3.248,0
95,55.588,781.111,152.968,222.015,0.4043,9.663,209.944,3.171,0
96,56.501,792.194,164.133,207.891,0.4153,9.856,215.692,3.183,0
97,56.974,748.874,134.808,202.164,0.4388,9.847,213.272,3.269,0
98,58.21,766.01,125.455,204.375,0.4461,9.205,213.32,3.341,0
99,63.519,760.001,135.164,199.34,0.4305,9.849,215.427,3.304,0
100,58.559,760.731,147.842,200.811,0.4168,9.485,214.943,3.256,0
101,60.563,780.172,148.923,210.459,0.3825,9.386,215.647,3.202,0
102,66.937,745.196,136.301,200.954,0.43,9.252,212.598,3.215,1
103,60.646,790.312,155.154,206.306,0.4179,9.304,212.062,3.147,0
104,64.803,795.111,152.924,205.494,0.4195,10.11,214.743,3.099,0
105,58.452,773.529,151.583,215.627,0.4595,9.608,214.35,3.121,0
106,61.219,734.918,137.911,206.583,0.4536,9.561,212.712,3.203,0
107,58.39,760.079,149.676,209.6,0.4391,9.408,216.186,3.18,0
108,60.712,801.484,153.957,216.746,0.3973,10.356,205.772,3.097,0
109,65.193,731.752,136.863,207.073,0.4228,9.957,211.731,3.197,0
110,55.436,770.134,139.89,206.65,0.4208,9.248,212.813,3.178,0
111,63.651,759.668,134.69,211.495,0.4111,9.404,210.918,3.118,0
112,62.903,794.979,161.441,218.963,0.4253,9.425,223.254,3.174,0
113,59.742,766.606,142.495,208.272,0.4298,9.551,214.823,3.178,0
114,56.505,784.249,151.909,212.165,0.3993,9.255,215.224,3.157,0
115,62.274,790.329,148.965,204.618,0.439,9.654,212.617,3.265,0
116,59.988,811.945,150.478,204.32,0.4139,10.008,214.68,3.067,0
117,62.884,776.833,144.127,215.961,0.3897,9.04,209.03,3.061,0
118,62.083,786.814,157.096,216.221,0.4174,9.105,214.161,3.2,0
119,68.087,756.617,141.872,212.954,0.4309,9.331,211.045,3.207,0
120,61.09,800.927,139.298,210.992,0.4323,9.347,213.504,3.228,0
121,58.111,764.172,138.745,208.993,0.4179,10.199,201.734,3.162,0
122,62.681,770.281,154.56,217.675,0.4373,9.851,209.442,3.136,0
123,62.836,780.059,143.521,217.156,0.4234,9.831,222.42,3.199,0
124,67.165,754.709,124.809,212.848,0.4027,9.407,219.772,3.169,0
125,65.173,785.863,160.01,212.496,0.3931,9.4,221.976,3.309,0
126,63.356,798.16,155.225,223.345,0.4357,8.992,222.101,3.177,0
127,67.561,788.331,147.009,212.27,0.4394,9.774,219.032,3.196,0
128,57.483,748.915,133.075,212.435,0.4336,9.672,212.194,3.373,1
129,59.569,776.434,151.507,213.688,0.4478,9.95,209.522,3.186,0
130,58.479,791.42,144.632,211.895,0.4362,9.426,220.311,3.239,0
131,60.519,745.381,142.652,203.597,0.441,9.45,215.145,3.245,0
132,56.769,757.777,142.128,214.979,0.4092,9.56,226.842,3.251,0
133,64.414,797.105,151.844,234.268,0.4469,9.812,213.464,3.22,0
134,61.156,784.397,147.338,207.516,0.4286,8.985,224.763,3.214,0
135,56.411,784.342,145.078,210.585,0.412,9.758,213.545,3.207,0
136,58.141,811.348,161.724,210.11,0.4001,9.493,221.217,3.16,0
137,63.191,789.089,141.669,205.363,0.4223,9.129,223.626,3.223,0
138,65.185,793.594,137.725,220.755,0.3865,8.77,210.267,3.342,0
139,69.588,832.967,165.191,209.058,0.4194,9.452,213.486,3.285,0
140,73.073,782.241,150.091,207.327,0.4023,10.007,211.164,3.221,1
141,63.575,766.504,144.313,197.149,0.43,10.086,209.039,3.26,0
142,58.24,785.632,149.544,204.939,0.4092,9.624,217.884,3.139,0
143,53.898,783.446,143.79,196.067,0.4144,10.187,213.045,3.182,0
144,63.017,771.079,147.836,215.678,0.4086,9.485,215.384,3.266,0
145,58.911,759.718,138.596,230.989,0.4222,9.834,217.41,3.304,0
146,60.422,820.709,153.803,209.003,0.4438,9.342,205.524,3.146,0
147,59.674,784.604,144.198,196.489,0.4438,9.32,221.155,3.166,0
148,61.465,766.525,155.102,219.422,0.4297,9.263,213.19,3.353,0
149,66.051,798.715,138.47,202.748,0.4149,8.779,218.148,3.207,1
150,62.597,778.364,148.008,221.056,0.4356,9.95,218.175,3.328,0
151,61.397,775.117,131.781,204.836,0.4416,9.275,221.782,3.214,0
152,58.065,787.956,146.629,205.304,0.4031,9.219,214.003,3.217,0
153,55.636,753.246,133.938,206.143,0.4253,9.087,203.618,3.179,0
154,60.152,785.331,132.004,213.203,0.3859,9.428,215.064,3.266,0
155,61.796,814.321,158.019,211.045,0.4316,10.117,215.979,3.295,0
156,68.718,792.086,145.966,206.239,0.4541,10.233,210.635,3.128,0
157,62.495,773.5,128.356,204.748,0.4231,8.919,215.797,3.175,0
158,65.734,772.926,148.755,200.651,0.3835,9.376,213.643,3.264,0
159,60.103,771.57,152.516,214.83,0.4331,9.138,208.059,3.191,1
160,57.497,772.952,153.317,197.536,0.4055,9.846,217.817,3.165,0
161,58.333,771.182,144.867,206.418,0.4103,9.6,211.741,3.271,0
162,59.244,794.978,149.816,217.135,0.4275,9.277,212.637,3.277,0
163,70.088,753.251,146.272,212.704,0.4313,9.525,213.658,3.169,0
164,58.879,793.799,160.916,218.224,0.4078,9.333,220.803,3.215,0
165,65.186,774.918,151.41,210.89,0.4096,10.065,215.178,3.115,0
166,58.569,784.898,139.879,218.231,0.421,9.691,214.984,3.137,0
167,65.54,761.661,140.908,216.497,0.4172,9.734,213.222,3.209,0
168,63.463,804.72,155.493,215.877,0.3939,8.567,217.49,3.202,0
169,61.405,802.094,138.961,216.092,0.4085,9.477,221.675,3.132,0
170,61.845,797.187,153.442,217.861,0.4218,10.229,218.221,3.15,0
171,59.512,751.366,152.321,208.095,0.424,9.964,218.136,3.125,0
172,63.695,795.856,154.236,201.281,0.3906,8.854,218.235,3.232,0
173,60.271,786.336,157.215,216.05,0.4362,9.39,207.891,3.062,0
174,57.343,748.544,136.843,212.574,0.3786,9.079,210.061,3.129,0
175,57.144,776.892,143.555,218.406,0.4127,10.099,213.392,3.07,0
176,62.656,786.922,149.746,203.553,0.4071,9.585,211.449,3.229,0
177,68.001,793.31,143.282,202.371,0.4193,9.231,210.397,3.074,0
178,62.608,783.525,139.311,212.428,0.4292,9.512,205.712,3.202,0
179,61.549,784.994,155.362,211.71,0.439,8.587,208.213,3.315,0
180,63.086,807.122,162.743,198.817,0.4004,9.12,213.848,3.317,0
181,66.963,804.798,145.502,213.111,0.4244,9.513,215.248,3.074,0
182,62.834,728.852,136.431,193.296,0.4363,9.796,211.135,3.221,0
183,60.438,773.427,142.419,201.87,0.3908,8.821,215.207,3.131,0
184,66.204,779.348,147.183,221.294,0.4544,9.367,213.335,3.116,1
185,63.629,749.358,139.029,223.285,0.4018,9.853,220.648,3.192,0
186,67.836,784.905,153.432,202.13,0.4263,8.992,214.892,3.286,0
187,62.696,802.861,152.437,209.001,0.4213,9.58,218.565,3.242,0
188,57.347,757.883,148.236,211.053,0.4305,9.523,215.458,3.15,0
189,56.801,783.196,148.125,224.937,0.4103,10.1,207.366,3.249,0
190,68.274,766.966,145.459,206.158,0.4381,9.419,215.3,3.043,0
191,68.55,771.508,136.62,204.341,0.394,9.44,209.608,3.147,0
192,61.318,806.218,167.976,227.445,0.4123,9.799,214.378,3.142,0
193,60.544,769.433,145.119,207.028,0.4125,9.036,211.1,3.205,0
194,67.553,791.374,153.403,217.626,0.405,9.423,217.576,3.186,0
195,57.793,744.004,122.944,193.331,0.4367,9.34,207.783,3.19,0
196,58.6,811.652,148.737,209.452,0.4315,9.451,214.666,3.188,0
197,64.445,792.192,157.323,199.434,0.4108,9.797,218.155,3.202,0
198,60.501,775.89,145.775,201.727,0.4351,9.694,219.358,3.238,0
199,61.981,790.349,134.708,214.449,0.4183,9.238,211.177,3.21,0
200,61.379,754.282,144.553,209.502,0.4104,9.548,215.014,3.18,1
201,63.283,801.991,147.791,208.061,0.4099,10.022,216.075,3.228,0
202,67.348,777.11,154.012,205.993,0.4153,9.209,223.377,3.258,0
203,62.344,776.516,143.34,207.87,0.4083,9.551,207.635,3.161,0
204,64.447,772.496,144.182,212.229,0.4296,9.432,210.738,3.196,0
205,54.209,765.263,148.832,218.706,0.4279,9.478,228.087,3.281,1
206,61.815,792.402,142.438,188.435,0.3883,8.929,213.612,3.123,0
207,58.796,782.844,138.903,202.005,0.3896,9.994,205.161,3.326,0
208,57.369,789.184,146.38,211.576,0.4253,9.229,211.531,3.106,0
209,58.663,778.006,150.192,210.351,0.4058,9.859,200.755,3.176,0
210,60.73,788.539,138.246,211.741,0.4233,9.283,216.052,3.133,0
211,65.48,774.375,131.636,209.2,0.4355,9.281,219.467,3.353,1
212,56.96,817.363,161.975,211.296,0.3878,9.925,209.837,3.165,1
213,62.116,751.841,132.332,202.998,0.4016,9.848,212.66,3.165,0
214,60.16,801.685,148.76,208.863,0.4447,9.573,219.397,3.174,0
215,60.755,803.937,139.184,217.91,0.4203,9.766,206.1,3.207,0
216,65.81,766.757,136.274,202.224,0.4158,9.399,208.849,3.177,0
217,64.045,821.252,157.323,212.208,0.3929,9.497,214.105,3.191,0
218,67.082,800.714,157.727,214.267,0.4056,9.268,211.848,2.953,0
219,61.413,797.158,144.749,222.428,0.3943,9.816,213.46,3.204,0
220,59.355,779.05,156.317,210.087,0.4361,9.257,208.364,3.201,0
221,61.149,775.622,138.895,216.327,0.4071,10.02,215.969,3.273,0
222,62.921,776.737,139.24,218.589,0.4405,9.389,214.364,3.292,0
223,62.671,787.399,157.981,212.346,0.4109,9.507,217.826,3.187,0
224,57.879,802.955,153.367,210.155,0.3955,9.766,215.508,3.257,0
225,62.344,783.453,142.172,206.745,0.4115,9.508,216.075,3.123,1
226,62.867,764.071,139.135,206.663,0.3767,9.396,207.873,3.254,0
227,71.566,800.101,160.502,220.244,0.4128,9.489,218.611,3.16,0
228,69.132,800.503,161.414,215.459,0.4118,9.813,214.202,3.117,0
229,58.758,790.001,142.283,211.284,0.4323,9.268,213.778,3.187,0
230,60.908,792.818,148.548,201.779,0.3828,9.456,220.11,3.298,0
231,56.439,772.065,143.251,201.875,0.4429,9.504,210.735,3.213,0
232,59.755,762.044,132.709,224.444,0.4393,9.803,221.487,3.305,0
233,63.199,765.032,140.12,207.504,0.4463,9.465,222.366,3.148,0
234,66.582,753.082,136.962,202.033,0.4258,10.133,219.314,3.273,0
235,59.229,782.741,153.804,223.386,0.4376,9.445,209.764,3.154,0
236,59.514,777.131,152.591,213.925,0.3942,9.417,203.77,3.216,1
237,53.84,767.592,138.973,213.299,0.4359,9.44,219.415,3.215,1
238,61.382,726.459,127.44,205.032,0.4195,9.039,215.483,3.246,0
239,57.963,755.328,142.248,206.845,0.3964,9.137,210.79,3.218,0
240,59.988,799.069,146.624,209.001,0.395,9.314,220.626,3.148,0
241,58.668,766.204,144.982,198.934,0.4235,9.898,210.292,3.262,0
242,61.642,786.294,146.273,209.577,0.4036,9.488,212.836,3.321,0
243,55.321,751.294,129.602,208.981,0.4339,9.33,216.823,3.159,0
244,56.425,802.831,145.151,224.837,0.3817,9.929,208.763,3.072,1
245,70.091,781.858,155.687,213.039,0.3812,10.043,215.424,3.235,0
246,57.108,782.53,144.664,191.253,0.4441,9.939,219.859,3.177,0
247,57.832,819.572,168.354,214.386,0.4264,9.201,215.555,3.191,0
248,68.98,811.135,150.745,233.18,0.3933,9.327,222.075,3.239,0
249,73.039,780.553,147.204,217.416,0.4198,10.135,221.993,3.168,0
250,57.548,766.873,157.811,206.331,0.4416,9.584,214.504,3.181,0
251,60.601,773.371,135.609,212.663,0.4292,9.406,203.148,3.193,0
252,63.298,789.892,134.683,201.794,0.4202,9.751,209.627,3.303,0
253,68.569,781.719,154.522,201.264,0.4393,9.853,219.605,3.202,0
254,58.25,770.823,136.459,205.334,0.4091,9.3,206.799,3.114,0
255,61.068,805.897,152.624,212.41,0.4141,9.577,213.255,3.116,0
256,64.954,779.569,140.769,194.092,0.4198,9.824,217.047,3.21,0
257,63.652,822.301,159.568,204.012,0.4045,9.094,222.546,3.121,0
258,60.571,780.847,138.6,208.675,0.4128,9.504,211.953,3.091,0
259,61.491,811.856,153.297,208.56,0.4133,9.11,211.722,3.244,0
260,56.775,783.558,149.216,214.086,0.4197,9.156,214.111,3.248,1
261,61.095,796.836,142.992,199.841,0.3969,9.303,216.646,3.174,0
262,60.988,766.4,136.019,213.737,0.4378,9.667,214.107,3.221,0
263,62.882,765.118,138.104,199.013,0.4061,9.387,220.352,3.213,0
264,59.89,787.114,137.133,221.411,0.4143,9.273,210.751,3.242,0
265,63.792,798.779,147.676,196.863,0.41,9.518,215.816,3.242,0
266,65.848,782.841,146.684,201.63,0.4257,9.099,217.688,3.018,0
267,62.591,757.17,135.354,211.217,0.3876,9.65,213.07,3.183,0
268,63.337,756.251,135.976,221.328,0.442,9.896,219.359,3.236,0
269,62.202,754.423,137.187,210.802,0.4142,9.472,215.769,3.171,0
270,62.0,748.183,130.865,211.393,0.4499,9.429,218.944,3.203,0
271,59.258,780.463,149.976,211.235,0.4113,9.631,215.641,3.253,0
272,63.203,800.912,161.326,205.38,0.4139,8.79,217.026,3.206,0
273,61.63,779.555,141.616,205.334,0.4546,9.688,211.794,3.306,0
274,69.954,743.687,137.503,198.655,0.4241,10.586,212.801,3.279,1
275,67.979,779.855,143.279,199.392,0.4423,9.457,221.839,3.192,0
276,63.466,777.876,146.921,213.637,0.4212,9.458,218.353,3.186,0
277,59.1,816.133,166.8,205.811,0.4184,9.76,209.537,3.0,1
278,57.773,751.447,139.995,211.455,0.4284,10.076,215.397,3.177,0
279,66.526,775.457,131.223,196.555,0.4364,9.841,203.674,3.105,1
280,62.998,811.254,157.554,215.133,0.3998,8.746,212.25,3.215,0
281,63.825,789.103,156.361,208.59,0.4,9.697,220.024,3.211,0
282,55.371,786.493,145.397,221.34,0.4069,10.4,213.579,3.249,0
283,65.524,784.001,153.17,214.387,0.4208,9.718,216.012,3.298,0
284,63.727,786.889,142.236,219.278,0.4143,9.096,200.125,3.198,0
285,57.78,791.676,138.104,202.438,0.4299,9.599,212.532,3.36,0
286,60.208,764.444,141.321,209.64,0.4474,9.052,216.476,3.216,0
287,63.002,796.356,137.612,200.526,0.3983,9.931,217.447,3.108,0
288,62.199,755.396,135.94,204.698,0.4129,9.165,219.836,3.161,0
289,60.89,785.3,155.598,210.235,0.3928,9.526,213.815,3.174,0
290,61.607,783.001,132.532,201.45,0.4558,9.2,214.125,3.241,0
291,61.042,768.38,132.558,197.539,0.4284,9.309,208.225,3.134,0
292,62.58,779.911,137.749,197.097,0.4287,10.02,214.047,3.179,0
293,67.592,771.87,142.118,190.648,0.3979,9.536,209.363,3.189,1
294,52.247,755.345,135.044,199.359,0.4261,9.304,204.59,3.169,0
295,61.1,773.14,152.736,216.722,0.4309,9.099,209.466,3.257,0
296,62.671,760.497,145.83,197.395,0.4203,8.845,222.624,3.245,0
297,63.125,786.429,150.396,200.242,0.4378,9.062,213.782,3.282,0
298,60.587,758.521,139.576,223.134,0.467,9.539,215.93,3.177,0
299,55.324,789.144,150.496,206.117,0.4007,9.843,211.631,3.284,0
300,63.246,759.419,132.792,209.883,0.4067,9.304,206.197,3.105,0
301,68.564,773.417,149.026,216.024,0.4058,10.05,220.468,3.103,0
302,56.171,765.551,132.881,212.634,0.4525,9.249,203.44,3.115,0
303,65.283,805.658,158.545,200.801,0.4323,9.417,212.62,3.201,0
304,60.752,785.259,154.881,210.325,0.4162,9.122,214.577,3.284,0
305,61.767,776.061,145.294,197.119,0.4216,9.847,216.124,3.158,0
306,57.999,786.776,145.799,229.746,0.4036,10.234,210.888,3.167,0
307,60.729,741.372,136.214,195.308,0.4457,8.883,205.658,3.185,0
308,66.94,781.941,125.552,197.339,0.4127,9.379,211.587,3.24,0
309,64.214,817.173,158.268,204.594,0.406,9.943,211.522,3.167,0
310,68.583,786.003,146.007,198.248,0.4295,8.994,211.924,3.163,0
311,66.474,783.683,145.751,220.986,0.4157,9.698,220.387,3.106,0
312,63.669,790.784,153.181,231.179,0.4131,9.928,209.132,3.16,0
313,68.627,799.766,150.406,207.383,0.4152,9.527,217.3,3.282,0
314,63.668,744.963,126.507,195.368,0.4431,9.693,215.992,3.206,0
315,65.146,751.449,135.445,190.002,0.4568,10.116,220.18,3.148,0
316,60.873,783.165,146.423,208.36,0.4297,10.182,214.199,3.287,0
317,62.253,767.271,141.986,206.806,0.4376,9.478,218.986,3.159,0
318,59.35,802.159,152.781,206.501,0.4109,9.314,213.821,3.299,0
319,65.76,776.395,151.194,213.134,0.4082,9.178,217.623,3.298,0
320,57.522,742.716,126.212,209.028,0.4411,9.842,206.948,3.204,0
321,64.973,758.811,139.873,211.457,0.4284,9.02,202.165,3.095,0
322,61.276,730.107,139.062,206.165,0.4069,9.412,216.801,3.36,1
323,66.451,778.234,132.328,198.399,0.4145,9.536,217.69,3.227,0
324,64.853,778.178,145.711,215.483,0.419,9.324,217.72,3.177,0
325,68.918,776.165,139.752,208.946,0.4118,9.598,213.206,3.267,0
326,64.777,800.947,148.689,217.918,0.4414,10.398,222.782,3.249,0
327,56.026,798.288,144.153,216.134,0.4241,9.457,211.984,3.292,0
328,61.746,776.793,142.851,198.153,0.4455,9.348,217.074,3.154,0
329,57.546,739.126,145.627,198.664,0.435,9.855,217.439,3.222,0
330,60.031,790.028,139.157,202.67,0.419,9.584,223.357,3.117,0
331,67.743,793.155,140.759,200.617,0.3999,10.004,214.104,3.247,0
332,64.423,786.901,137.957,214.493,0.4185,9.558,212.025,3.198,0
333,59.344,796.206,161.954,216.54,0.4162,9.413,207.191,3.22,0
334,58.148,756.914,134.838,216.558,0.4012,8.876,222.3,3.19,0
335,62.125,816.226,155.688,215.523,0.4012,8.933,217.122,3.182,0
336,57.377,760.188,136.237,209.741,0.4191,8.858,216.711,3.139,0
337,59.45,792.083,142.014,218.941,0.4244,9.633,230.277,3.255,0
338,63.186,750.28,134.438,211.434,0.4357,9.023,216.768,3.304,0
339,66.39,765.67,157.909,213.385,0.4131,9.939,209.015,3.161,0
340,64.313,808.567,163.315,225.873,0.4213,9.511,214.298,3.239,0
341,53.293,770.515,136.184,208.982,0.4191,9.415,209.081,3.23,0
342,63.157,795.755,154.259,209.602,0.3644,9.205,213.159,3.201,0
343,62.274,784.416,140.504,202.308,0.4102,9.718,213.02,3.093,0
344,63.573,778.976,132.258,212.821,0.4397,9.218,212.254,3.109,0
345,68.142,807.927,160.515,223.31,0.3827,9.155,208.771,3.145,0
346,54.16,771.428,150.549,210.816,0.4242,9.916,222.022,3.05,0
347,59.754,746.711,142.336,219.877,0.4569,9.624,216.225,3.299,0
348,64.245,766.777,137.744,192.644,0.4096,9.418,214.142,3.226,0
349,55.99,786.616,145.817,209.736,0.4184,9.725,218.067,3.198,0
350,67.609,790.204,153.31,211.507,0.394,9.503,218.028,3.047,0
351,63.4,752.563,139.509,202.976,0.4561,9.634,216.546,3.072,0
352,65.217,768.731,138.864,227.721,0.4213,9.214,218.811,3.2,0
353,59.83,768.336,130.167,206.207,0.4238,10.225,215.409,3.338,0
354,65.092,775.122,144.334,206.592,0.4456,9.297,218.722,3.151,0
355,66.06,757.467,145.793,210.382,0.4375,10.045,219.253,3.26,0
356,62.885,769.176,133.37,191.419,0.4069,9.434,215.92,3.166,0
357,62.891,767.375,145.684,204.071,0.4115,9.782,214.005,3.204,0
358,63.027,794.453,151.657,219.33,0.4253,9.757,222.775,3.285,0
359,58.719,792.76,154.079,206.966,0.4056,9.901,212.217,3.176,0
360,61.439,777.067,150.224,204.518,0.3826,9.206,216.889,3.152,0
361,61.42,772.625,137.926,218.92,0.4209,9.876,217.0,3.299,0
362,63.457,783.32,134.677,218.451,0.3925,10.146,212.127,3.203,0
363,65.799,767.391,137.483,212.482,0.4522,9.409,211.417,3.276,0
364,57.978,757.145,144.367,206.22,0.4289,9.512,212.748,3.152,0
365,61.525,762.815,136.05,206.115,0.408,9.317,212.482,3.298,0
366,67.63,771.67,137.643,201.948,0.4095,9.379,208.385,3.219,0
367,59.174,757.503,125.502,197.752,0.3916,10.099,211.403,3.23,1
368,58.875,781.199,157.628,204.423,0.3999,9.149,215.956,3.209,0
369,62.769,793.558,154.847,207.222,0.4349,9.17,221.422,3.165,0
370,65.209,753.197,142.348,201.139,0.4669,10.064,218.157,3.2,0
371,62.043,780.476,151.917,199.012,0.433,9.719,202.008,3.169,0
372,67.05,778.819,148.683,212.565,0.4186,10.242,218.813,3.267,0
373,65.256,787.938,145.671,212.024,0.4102,9.342,212.6,3.186,0
374,65.199,781.527,144.312,223.455,0.4024,9.544,217.649,3.095,0
375,64.106,754.993,134.505,202.344,0.4633,9.269,215.182,3.082,0
376,70.845,762.142,158.086,215.248,0.4211,9.55,215.098,3.079,0
377,61.22,780.101,148.922,213.364,0.4581,8.879,214.395,3.243,0
378,54.387,794.331,146.053,208.201,0.4415,9.74,213.974,3.119,0
379,68.096,743.498,137.308,214.262,0.3978,9.613,222.454,3.221,0
380,60.261,785.266,139.504,214.993,0.4067,9.48,214.693,3.21,0
381,62.41,801.639,162.023,216.364,0.4025,9.363,220.477,3.195,0
382,66.976,779.982,140.367,206.936,0.4186,9.187,220.297,3.231,0
383,55.911,786.555,150.474,208.344,0.4173,9.755,217.605,3.211,0
384,57.244,764.729,147.88,199.692,0.4778,9.09,205.496,3.01,0
385,55.915,774.505,146.045,203.783,0.402,9.679,219.853,3.177,0
386,58.982,749.164,136.41,203.134,0.4318,10.226,212.348,3.23,0
387,63.671,738.721,132.692,198.3,0.4414,10.02,218.779,3.315,0
388,63.992,798.065,150.025,214.625,0.4155,8.973,210.376,3.318,0
389,63.05,762.848,135.817,217.553,0.4263,9.312,209.201,3.105,0
390,56.631,768.848,138.508,201.307,0.404,9.648,224.238,3.176,0
391,53.222,750.216,146.422,212.58,0.4294,9.475,209.162,3.09,0
392,62.207,754.734,136.66,199.892,0.4355,9.01,220.755,3.306,0
393,60.207,775.885,138.265,206.079,0.4269,9.635,215.377,3.271,0
394,63.746,767.828,137.734,202.879,0.4333,9.496,213.109,3.225,0
395,64.667,788.271,155.184,217.056,0.4434,10.17,215.096,3.212,0
396,62.525,788.435,152.26,206.167,0.4348,9.411,208.558,3.297,0
397,64.889,787.364,151.131,219.442,0.4194,9.909,215.278,3.285,0
398,62.871,784.774,144.63,207.953,0.3977,9.057,209.691,3.281,0
399,64.014,809.508,157.866,207.634,0.4018,9.14,213.264,3.232,0
400,59.322,759.311,134.288,197.617,0.4212,9.753,219.305,3.176,0
401,61.317,778.636,142.773,211.536,0.4249,9.879,216.189,3.254,0
402,62.748,800.8,158.029,220.028,0.4062,9.165,207.679,3.257,0
403,65.118,804.477,158.463,215.148,0.397,9.508,219.632,3.187,0
404,60.504,753.585,130.202,224.655,0.4052,9.016,214.785,3.175,0
405,63.98,775.467,137.651,219.822,0.3914,9.437,212.527,3.279,0
406,60.99,803.891,152.928,209.284,0.4098,9.793,218.612,3.316,0
407,61.553,788.9,159.753,210.701,0.3913,9.348,214.11,3.148,0
408,65.152,785.248,133.166,211.154,0.4007,9.413,209.55,3.182,0
409,54.426,771.916,144.523,203.191,0.4149,9.105,223.33,3.225,0
410,57.073,770.382,132.482,216.576,0.3984,9.273,214.322,3.234,0
411,56.368,782.09,141.187,212.054,0.4263,10.115,213.917,3.163,0
412,53.132,770.58,139.623,210.869,0.4357,9.526,211.91,3.332,0
413,59.423,777.816,141.401,214.704,0.4107,9.149,220.591,3.23,0
414,64.848,782.981,142.158,223.157,0.4114,9.39,212.717,3.237,0
415,60.917,767.199,141.21,210.534,0.4329,8.941,207.145,3.323,0
416,62.752,789.992,144.251,208.931,0.4047,9.145,211.697,3.169,0
417,66.139,834.733,151.183,223.43,0.3922,9.976,222.131,3.194,0
418,67.045,750.789,141.696,217.013,0.4488,9.45,219.766,3.112,0
419,61.737,785.688,151.976,208.967,0.4345,10.162,213.693,3.188,0
420,67.144,769.146,147.646,210.624,0.4335,9.467,222.484,3.096,0
421,62.35,790.586,137.391,209.889,0.434,9.487,218.782,3.252,0
422,58.818,779.088,146.819,213.295,0.3846,9.724,213.285,3.229,0
423,59.741,792.471,153.473,201.011,0.4413,8.565,213.899,3.181,0
424,56.374,798.065,143.201,197.264,0.4225,9.572,215.971,3.193,0
425,58.625,781.607,145.546,203.021,0.4378,9.483,210.436,3.253,0
426,60.64,799.629,150.075,203.399,0.4221,10.02,214.859,3.12,0
427,65.054,739.482,145.74,205.012,0.431,9.838,216.909,3.214,0
428,68.539,812.225,168.139,220.168,0.407,9.103,207.35,3.249,1
429,56.748,783.862,134.508,206.34,0.4256,9.935,213.423,3.075,0
430,63.493,800.222,168.524,216.746,0.4093,9.408,213.664,3.248,0
431,58.046,755.867,131.354,197.203,0.4417,9.183,219.666,3.083,0
432,63.804,766.038,147.676,206.896,0.3949,9.569,205.994,3.192,0
433,61.502,782.353,152.499,216.348,0.4097,9.429,213.033,3.119,0
434,55.043,775.867,136.79,212.953,0.4578,10.038,211.756,3.3,0
435,65.528,787.035,150.563,205.427,0.407,9.619,220.224,3.119,0
436,59.701,798.257,149.724,212.333,0.4111,9.572,214.506,3.084,0
437,59.971,747.11,139.013,226.274,0.4123,9.815,223.737,3.209,0
438,57.935,795.293,151.203,211.224,0.4222,9.883,217.823,3.171,1
439,59.514,778.782,153.009,206.216,0.4071,9.774,212.651,3.095,0
440,63.626,777.226,144.696,208.543,0.4174,9.997,216.393,3.237,0
441,61.281,753.124,135.762,208.705,0.442,9.713,213.143,3.061,0
442,63.249,789.742,155.595,211.122,0.405,9.559,219.447,3.127,0
443,63.375,737.302,136.254,207.825,0.4449,9.934,208.504,3.16,0
444,67.019,794.431,154.452,200.532,0.4312,9.468,211.484,3.256,0
445,60.697,752.426,132.076,199.456,0.4459,9.512,217.122,3.291,0
446,56.388,777.876,137.046,207.055,0.4231,10.103,220.455,3.277,0
447,66.055,780.085,141.052,207.809,0.4783,10.068,204.477,3.189,0
448,60.74,800.359,146.762,205.858,0.4339,9.497,221.721,3.03,0
449,66.235,779.114,150.238,209.736,0.4261,9.341,214.808,3.227,0
450,63.457,768.307,148.324,211.219,0.4072,10.012,205.755,3.303,0
451,61.502,770.607,141.096,216.256,0.4206,9.78,199.932,3.286,0
452,63.325,803.641,162.109,212.97,0.4398,9.61,207.512,3.232,0
453,69.414,793.731,158.699,216.207,0.4473,9.387,215.791,3.117,0
454,69.893,777.4,145.924,205.87,0.4473,9.616,215.618,3.163,0
455,62.264,775.889,138.013,213.04,0.4352,9.492,218.198,3.335,0
456,62.609,752.126,147.665,213.592,0.4044,9.267,212.326,3.101,1
457,66.09,789.242,147.345,217.443,0.4265,9.545,209.951,3.12,0
458,58.786,746.556,135.85,213.695,0.406,9.593,212.549,3.266,0
459,63.266,794.228,146.891,215.126,0.3897,9.369,215.32,3.17,0
460,61.902,782.261,139.45,207.992,0.4237,9.816,216.142,3.117,0
461,63.193,823.621,147.806,212.577,0.4185,9.951,211.197,3.307,0
462,58.833,758.456,142.967,218.061,0.4416,9.839,219.127,3.232,0
463,55.96,774.83,137.965,203.236,0.4302,9.403,211.168,3.173,0
464,54.123,808.037,174.828,211.535,0.4226,9.765,209.706,3.12,1
465,57.754,799.11,143.13,211.04,0.3975,9.527,211.779,3.343,0
466,60.257,766.51,132.151,210.495,0.4215,9.067,220.165,3.198,0
467,60.886,783.419,149.597,204.418,0.392,9.735,214.202,3.298,0
468,69.361,784.085,156.931,212.027,0.3829,9.551,212.411,3.263,0
469,66.203,787.387,147.668,209.835,0.4315,10.408,220.135,3.164,0
470,58.344,765.413,144.63,192.196,0.4101,10.01,225.275,3.164,0
471,63.321,779.119,131.831,205.346,0.4359,9.749,216.207,3.301,0
472,60.453,750.384,131.373,205.743,0.4474,9.587,220.984,3.302,0
473,60.919,781.838,138.036,207.186,0.4084,9.557,220.051,3.069,0
474,62.704,788.488,134.281,218.969,0.4285,9.149,212.056,3.238,0
475,64.353,777.201,144.979,200.269,0.4088,8.891,215.416,3.192,0
476,60.711,750.22,120.366,197.984,0.3942,9.195,208.433,3.128,1
477,66.043,800.017,141.75,188.387,0.4172,9.483,214.46,3.218,0
478,57.661,784.175,142.492,205.601,0.4105,8.763,211.348,3.106,0
479,62.024,766.945,135.264,204.693,0.4153,9.309,212.988,3.167,0
480,71.871,780.378,147.888,206.556,0.4555,9.413,212.435,3.144,0
481,62.848,753.454,139.175,217.58,0.3992,9.425,213.666,3.165,0
482,67.446,764.538,146.618,217.241,0.4308,9.268,218.315,3.195,0
483,62.348,770.511,147.42,211.155,0.4045,9.38,214.444,3.129,0
484,64.207,803.325,159.983,210.331,0.4305,10.103,205.943,3.31,0
485,61.784,768.37,141.498,217.439,0.4283,9.732,211.244,3.235,0
486,61.352,791.168,150.475,211.046,0.424,9.304,207.325,3.326,0
487,59.038,768.681,145.185,203.495,0.4058,9.476,215.865,3.189,0
488,63.635,785.362,147.6,196.842,0.4049,9.49,217.713,3.162,0
489,58.764,775.675,140.922,205.572,0.4378,9.231,215.894,3.323,0
490,64.529,797.106,147.805,216.654,0.4476,9.231,211.366,3.16,1
491,66.124,772.642,137.07,226.468,0.4305,9.854,216.729,3.188,0
492,63.393,752.461,139.689,209.325,0.4107,9.353,212.817,3.25,0
493,60.912,754.527,136.7,202.051,0.4325,9.117,209.178,3.113,0
494,63.725,771.375,137.77,198.93,0.4659,9.485,218.917,3.25,0
495,60.827,756.872,133.426,211.869,0.4276,9.541,218.949,3.241,1
496,65.555,789.339,139.329,194.635,0.444,8.81,220.171,3.289,0
497,55.041,767.789,148.188,215.104,0.4097,9.486,211.123,3.262,0
498,60.725,822.041,158.163,219.438,0.4087,9.804,220.744,3.291,0
499,54.435,744.56,128.329,209.823,0.44,9.658,211.624,3.192,0
500,56.319,780.541,150.822,209.524,0.427,10.28,217.586,3.14,0
501,67.183,762.547,135.841,212.505,0.4106,9.938,213.067,3.348,0
502,65.402,772.99,133.051,208.739,0.4072,10.007,214.288,3.093,0
503,59.266,781.042,152.461,205.416,0.4375,10.48,202.566,3.1,0
504,56.29,735.003,127.741,221.006,0.4527,9.765,212.805,3.24,0
505,50.735,778.067,141.558,206.429,0.4477,9.557,214.104,3.314,0
506,59.935,813.116,155.223,218.455,0.4442,9.841,212.702,3.213,0
507,71.198,776.897,152.067,192.206,0.4232,9.304,224.885,3.27,0
508,63.653,785.585,146.816,220.611,0.413,9.538,209.386,3.06,0
509,59.874,797.279,141.79,221.044,0.44,9.273,211.927,3.165,0
510,63.767,778.021,148.213,210.946,0.4333,9.639,210.688,3.069,0
511,56.068,766.28,137.489,212.818,0.4057,9.272,211.469,3.255,0
512,60.87,738.415,145.74,214.631,0.4118,9.26,220.021,3.092,1
513,62.378,791.746,148.516,205.631,0.4259,9.645,222.436,3.111,0
514,61.673,777.783,128.69,210.789,0.4174,9.452,211.457,3.236,1
515,65.005,763.424,142.529,202.987,0.4237,8.825,211.746,3.274,0
516,63.31,782.999,159.512,208.323,0.4386,8.991,209.372,3.189,0
517,64.54,770.891,153.299,220.841,0.4359,9.098,221.836,3.24,0
518,59.384,769.05,154.532,219.894,0.4467,9.191,220.291,3.238,1
519,65.412,792.79,141.699,203.623,0.382,9.645,214.879,3.185,0
520,68.19,759.314,145.179,204.171,0.4297,9.577,208.762,3.123,0
521,58.313,796.824,144.993,204.834,0.4283,9.873,208.024,3.24,0
522,58.627,752.986,138.466,214.424,0.3993,9.763,215.448,3.243,0
523,67.076,770.863,133.348,199.437,0.4105,9.875,218.356,3.263,0
524,61.273,814.213,150.753,214.119,0.3963,9.713,204.582,3.222,0
525,67.335,803.226,147.234,216.466,0.4146,9.573,214.034,3.118,0
526,60.318,780.832,151.539,210.733,0.4491,9.885,222.89,3.248,0
527,67.529,766.112,146.438,218.397,0.4599,9.822,214.576,3.2,0
528,62.5,770.748,144.162,207.381,0.4077,9.632,222.508,3.166,0
529,62.981,781.859,136.105,206.332,0.429,9.945,218.363,3.179,0
530,67.946,783.946,144.002,201.963,0.4291,8.679,210.292,3.152,0
531,60.625,777.608,139.06,216.831,0.4276,9.398,213.372,3.262,0
532,58.424,777.478,150.331,205.041,0.4278,9.393,213.927,3.101,0
533,60.295,775.204,151.808,214.296,0.4267,9.903,210.033,3.13,0
534,63.719,754.99,144.892,209.406,0.4566,10.05,210.357,3.177,0
535,56.05,767.43,135.943,199.585,0.443,8.992,221.82,3.313,0
536,64.422,797.796,131.162,202.083,0.3965,9.994,210.404,3.274,0
537,59.953,754.244,124.904,216.642,0.4408,9.09,220.147,3.085,0
538,66.362,778.987,154.647,213.736,0.4363,9.101,213.341,3.295,0
539,52.902,760.24,136.263,200.005,0.4306,9.418,213.78,3.294,0
540,59.011,780.36,139.853,211.31,0.4403,9.389,217.451,3.118,0
541,55.591,769.48,153.343,210.666,0.426,8.955,211.238,3.023,0
542,58.86,804.866,161.316,241.222,0.4174,9.727,217.463,3.195,0
543,62.941,789.636,148.062,212.955,0.4198,9.738,204.881,3.279,0
544,61.319,756.013,135.75,204.92,0.3897,9.869,217.117,3.311,0
545,61.037,791.553,147.541,221.919,0.4157,9.348,202.542,3.139,0
546,61.395,765.724,142.307,194.679,0.4115,9.486,213.793,3.323,1
547,62.773,770.039,153.212,212.561,0.4011,9.489,219.364,3.044,0
548,58.168,783.541,149.02,226.84,0.4449,10.091,217.652,3.174,0
549,64.686,772.626,147.87,209.702,0.4309,8.508,208.83,3.171,0
550,64.518,797.456,158.422,199.086,0.4151,9.165,209.454,3.281,0
551,63.463,766.864,132.871,204.164,0.4131,9.502,211.732,3.291,0
552,64.115,770.022,147.291,222.14,0.4278,9.12,216.185,3.267,0
553,63.126,768.805,139.579,211.816,0.4406,9.41,204.976,3.105,0
554,69.733,774.072,125.609,199.023,0.4066,9.456,215.862,3.26,0
555,61.669,799.603,135.984,202.535,0.415,9.27,216.517,3.236,0
556,60.833,790.677,141.076,204.659,0.433,9.523,213.445,3.083,0
557,59.137,809.204,157.48,215.635,0.3779,9.72,217.283,3.055,0
558,58.077,818.66,157.395,223.432,0.4093,9.417,215.648,3.273,0
559,57.271,758.846,139.944,217.307,0.4176,9.341,211.724,3.187,0
560,58.623,779.41,158.48,216.614,0.4177,9.442,204.914,3.11,0
561,61.731,758.681,129.721,195.985,0.4163,9.497,215.635,3.185,0
562,63.27,766.702,140.818,198.457,0.4258,8.891,210.387,3.225,0
563,62.194,768.765,143.761,213.993,0.4574,9.662,212.132,3.194,0
564,59.091,759.371,133.657,196.741,0.4193,9.342,217.047,3.091,0
565,65.421,762.947,140.083,207.114,0.4295,9.942,222.497,3.332,0
566,64.81,778.948,133.485,209.9,0.4562,9.707,215.147,3.27,0
567,61.393,757.765,148.199,201.603,0.4157,9.91,217.698,3.177,0
568,59.519,793.794,144.367,201.667,0.4492,9.146,207.48,3.179,0
569,64.084,764.627,154.608,211.361,0.4239,9.37,216.478,3.225,0
570,62.714,830.965,160.062,217.343,0.4393,9.065,214.786,3.121,0
571,56.497,768.848,148.851,219.339,0.4363,9.253,220.486,3.223,0
572,61.742,781.154,144.973,214.851,0.4252,9.938,212.267,3.107,0
573,62.996,757.232,137.954,209.039,0.4245,10.021,213.911,3.195,0
574,58.581,808.829,149.561,205.034,0.4016,9.098,219.884,3.118,0
575,62.721,800.548,151.998,202.972,0.4162,9.34,214.626,3.122,0
576,56.472,782.304,147.917,206.555,0.4356,9.473,208.792,3.315,0
577,67.078,758.55,133.075,210.656,0.4251,9.705,228.367,3.204,0
578,66.742,786.4,146.045,212.923,0.4127,8.884,210.176,3.215,0
579,61.04,759.286,134.515,190.894,0.4207,8.939,214.561,3.059,0
580,63.381,807.082,169.222,209.043,0.4311,9.671,216.899,3.158,0
581,52.842,789.529,147.231,220.127,0.4397,8.818,215.239,3.232,0
582,57.606,779.301,155.607,212.967,0.4082,9.344,213.524,3.214,0
583,60.884,735.531,130.29,195.428,0.4191,9.557,213.942,3.049,0
584,57.926,760.058,140.832,227.93,0.4318,9.645,213.336,3.214,0
585,64.715,793.873,139.912,208.649,0.444,9.45,209.746,3.226,0
586,69.59,806.006,149.672,214.103,0.4341,9.372,226.662,3.29,0
587,57.529,797.506,151.726,214.676,0.3931,9.796,213.364,3.154,0
588,58.818,749.593,146.98,207.495,0.4228,9.6,217.603,3.043,0
589,62.895,785.92,148.33,204.912,0.4018,9.274,213.434,3.13,0
590,68.122,801.647,161.18,230.533,0.4098,9.513,213.961,3.123,0
591,57.355,747.595,139.764,216.874,0.457,9.634,212.165,3.252,0
592,62.946,780.378,156.505,219.107,0.3943,10.101,207.364,3.01,1
593,68.921,788.736,147.207,215.096,0.3887,9.775,215.027,3.169,0
594,55.723,771.134,159.072,205.069,0.4073,9.925,212.212,3.3,0
595,57.132,743.984,130.797,217.096,0.4342,9.286,220.273,3.201,0
596,60.39,773.252,137.61,201.629,0.4329,9.317,208.823,3.263,0
597,60.022,773.02,134.436,209.942,0.4296,9.418,211.877,3.085,0
598,65.088,779.033,161.027,200.411,0.4414,9.45,210.878,3.088,0
599,62.918,770.363,147.845,194.299,0.3907,9.147,222.323,3.301,0
600,55.255,768.316,139.156,211.261,0.4443,9.943,209.844,3.207,0
601,63.959,780.362,153.852,205.475,0.4143,9.809,218.047,3.207,0
602,59.805,786.757,151.841,195.592,0.4315,9.393,219.587,3.122,0
603,66.843,777.184,157.918,217.167,0.3969,9.725,214.851,3.207,0
604,59.615,771.315,131.56,224.004,0.4223,9.578,207.83,3.12,0
605,59.581,780.332,143.242,220.73,0.4242,9.752,207.889,3.283,0
606,64.056,746.554,131.729,205.022,0.4492,9.029,219.546,3.391,0
607,64.899,790.181,134.239,207.703,0.3889,9.449,209.045,3.234,0
608,63.703,780.926,152.7,218.796,0.4203,9.48,217.164,3.156,0
609,55.595,777.192,142.265,218.375,0.4012,9.718,214.803,3.023,0
610,64.045,798.418,155.703,209.606,0.4245,9.28,217.131,3.082,0
611,58.07,742.688,150.325,211.445,0.4433,8.625,216.886,3.309,0
612,62.894,744.963,132.016,209.548,0.4519,9.121,210.439,3.128,1
613,56.59,781.953,142.638,213.911,0.4099,9.479,209.473,3.174,0
614,63.696,780.805,146.072,209.171,0.4365,9.522,218.778,3.246,0
615,58.935,781.377,152.324,210.651,0.4442,10.089,211.485,3.304,0
616,57.126,769.001,137.733,219.44,0.3932,9.704,200.664,3.186,0
617,64.713,793.45,144.618,219.592,0.4277,9.529,218.569,3.172,0
618,62.918,797.293,157.588,216.589,0.4329,9.489,209.929,3.205,0
619,59.667,787.428,149.879,224.826,0.4135,9.886,217.056,3.156,1
620,67.514,778.338,130.188,203.65,0.3986,9.293,222.626,3.16,0
621,60.326,741.141,124.764,218.532,0.4467,9.451,214.883,3.229,0
622,62.122,793.913,159.683,217.57,0.3949,9.119,219.993,3.213,0
623,63.022,802.553,154.579,238.276,0.4112,9.997,215.892,3.349,0
624,59.645,790.307,142.757,199.967,0.4167,9.637,222.655,3.231,0
625,63.79,765.151,139.352,203.243,0.4366,9.252,209.904,3.281,0
626,59.973,791.013,148.397,214.098,0.406,9.46,214.716,3.125,0
627,60.436,794.629,154.539,215.276,0.404,9.678,218.178,3.237,0
628,67.178,810.907,144.764,225.549,0.4141,9.412,214.669,3.149,0
629,58.046,762.055,133.73,202.174,0.4426,9.313,220.287,3.228,0
630,52.831,770.881,144.175,217.058,0.4635,9.271,211.74,3.248,0
631,68.122,796.818,149.346,220.256,0.3887,9.619,226.081,3.203,0
632,71.687,786.361,150.911,216.938,0.4241,9.375,226.773,3.369,0
633,60.46,759.041,130.106,199.035,0.4057,9.341,216.226,3.3,0
634,54.64,783.415,148.524,222.037,0.4375,9.032,216.88,3.282,0
635,60.82,789.767,155.571,222.16,0.4007,9.527,220.817,3.254,0
636,60.912,780.985,148.703,215.611,0.4076,9.437,208.933,3.323,0
637,61.278,783.556,147.04,212.084,0.4085,9.387,208.353,3.099,1
638,57.769,773.016,142.234,211.2,0.4204,9.57,220.774,3.296,0
639,64.202,807.82,147.502,209.921,0.4189,9.762,216.634,3.131,0
640,63.993,764.884,139.961,214.018,0.4325,9.746,214.107,3.16,0
641,56.321,766.305,149.709,211.285,0.4233,9.693,214.374,3.239,0
642,64.657,781.659,144.665,203.138,0.3956,9.416,203.389,3.286,0
643,69.8,800.111,144.805,201.568,0.4281,9.302,214.983,3.119,0
644,62.653,753.407,133.576,201.47,0.4257,9.135,211.313,3.164,0
645,60.718,755.71,139.119,210.483,0.447,9.292,219.437,3.207,0
646,61.46,743.024,131.293,206.769,0.4165,9.507,219.91,3.187,0
647,64.338,781.874,148.959,212.594,0.3907,9.225,218.164,3.26,0
648,55.423,756.253,141.536,213.244,0.4253,9.534,216.188,3.441,0
649,62.625,773.422,149.249,205.916,0.445,9.162,207.588,3.229,0
650,60.516,791.089,158.292,224.649,0.4201,8.919,217.775,3.149,0
651,69.022,772.314,149.665,208.885,0.4183,9.787,218.99,3.109,0
652,61.338,783.799,139.6,205.345,0.4034,9.334,221.147,3.177,0
653,68.338,778.098,138.105,212.342,0.4521,9.207,226.352,3.134,0
654,57.806,789.791,147.407,195.837,0.399,9.117,206.034,3.233,0
655,64.232,789.78,144.776,203.626,0.4045,9.648,213.325,3.232,0
656,63.214,768.213,133.496,215.318,0.4332,9.981,211.434,3.168,0
657,58.698,775.148,140.453,195.1,0.3878,9.359,215.466,3.339,1
658,62.674,799.158,147.426,219.474,0.4382,9.425,215.148,3.149,0
659,66.608,789.615,143.182,221.689,0.4288,9.875,214.382,3.192,0
660,60.77,754.178,135.043,204.854,0.4426,8.866,219.99,3.245,0
661,55.571,788.265,155.729,214.695,0.428,10.188,208.721,3.262,0
662,61.933,760.44,140.527,217.969,0.422,10.355,209.786,3.289,0
663,58.571,803.539,169.364,211.626,0.395,8.553,209.467,3.23,0
664,60.699,797.718,151.509,218.374,0.413,9.466,213.042,3.274,0
665,61.69,785.047,144.484,204.517,0.4012,9.248,208.82,3.153,1
666,55.519,779.265,144.809,206.137,0.4289,9.407,213.979,3.264,0
667,55.86,772.861,144.654,203.529,0.4363,9.354,213.436,3.263,0
668,63.832,793.221,152.013,214.284,0.4433,9.784,211.287,3.306,0
669,60.014,772.234,157.207,221.949,0.4286,9.461,219.13,3.083,0
670,52.254,778.88,138.747,207.151,0.4369,9.181,213.533,3.136,0
671,64.982,797.335,156.214,202.297,0.4103,9.44,220.671,3.258,0
672,63.035,770.457,143.591,201.028,0.4138,9.68,214.149,3.014,0
673,59.287,767.417,130.227,209.907,0.4317,9.086,214.553,3.234,0
674,56.996,755.749,143.12,224.339,0.4191,8.924,211.586,3.274,0
675,65.176,762.586,148.649,213.953,0.4292,10.197,215.346,3.16,0
676,63.328,747.819,129.345,203.461,0.4089,9.275,218.72,3.17,0
677,71.054,798.117,150.372,217.311,0.3996,9.452,214.03,3.125,0
678,63.597,813.439,142.954,207.634,0.4231,9.361,217.784,3.163,0
679,63.473,806.466,144.128,206.782,0.4293,9.692,211.113,3.166,0
680,61.366,750.382,143.451,201.991,0.4097,10.12,218.719,3.152,0
681,65.104,794.754,146.161,221.523,0.4284,9.703,212.473,3.148,0
682,64.375,806.904,145.31,189.754,0.4037,8.969,219.543,3.181,0
683,66.757,774.394,144.924,216.366,0.4217,9.016,215.876,3.18,0
684,60.019,780.736,141.564,205.534,0.4453,9.36,222.367,3.331,0
685,60.345,742.948,130.589,203.547,0.4438,9.406,209.031,3.172,0
686,60.179,783.8,151.315,224.928,0.4334,8.897,207.401,3.224,0
687,65.005,762.509,131.62,201.343,0.4587,9.787,212.28,3.16,0
688,67.694,786.725,140.68,203.609,0.4056,9.12,208.76,3.159,0
689,60.256,750.939,137.36,207.276,0.4095,10.023,207.877,3.081,0
690,60.386,788.884,154.451,215.39,0.4048,10.137,217.914,3.09,0
691,63.193,799.098,159.396,209.632,0.4106,9.413,215.122,3.116,0
692,61.066,765.389,135.961,195.421,0.3813,9.654,212.49,3.213,0
693,65.618,761.525,146.019,203.299,0.4209,9.069,213.499,3.275,0
694,53.443,736.485,126.457,216.171,0.4211,9.718,210.987,3.075,0
695,58.859,773.477,155.826,212.98,0.4357,9.326,222.875,3.162,0
696,59.027,767.896,133.432,211.064,0.4294,9.119,210.966,3.104,1
697,53.183,747.232,144.469,207.792,0.4174,9.399,207.331,3.182,1
698,58.338,786.14,142.247,204.118,0.4291,9.337,218.541,3.275,0
699,58.522,769.988,156.089,225.86,0.4355,9.386,213.504,3.169,0
700,61.236,760.216,143.204,208.099,0.4111,9.832,225.102,3.197,0
701,66.229,772.344,135.591,204.383,0.413,9.225,212.876,3.302,0
702,61.069,798.771,146.976,219.204,0.3753,10.107,219.118,3.232,0
703,58.083,788.698,153.078,205.998,0.3982,9.036,219.941,3.147,1
704,61.784,777.54,151.631,206.701,0.4073,10.065,212.367,3.211,0
705,65.987,793.337,148.506,210.853,0.418,9.144,211.764,3.142,0
706,58.291,757.064,138.432,208.557,0.4087,9.5,218.262,3.229,0
707,58.54,778.68,149.912,213.158,0.4111,9.328,217.459,3.236,0
708,64.122,783.819,147.068,227.188,0.397,9.38,208.202,3.104,0
709,61.158,771.08,133.269,210.109,0.4253,9.78,209.257,3.212,0
710,64.46,789.191,142.067,190.33,0.4254,10.025,202.613,3.192,0
711,61.948,765.924,142.423,212.043,0.4308,9.917,217.971,3.238,0
712,64.666,790.643,156.701,212.877,0.4176,9.358,214.011,3.258,0
713,58.067,787.77,158.643,213.349,0.3903,9.564,213.717,3.233,0
714,61.954,727.466,134.696,209.701,0.422,9.226,206.537,3.179,0
715,61.199,800.985,153.307,211.598,0.4074,9.153,209.413,3.265,0
716,57.38,722.601,133.022,206.944,0.4271,9.099,212.056,3.139,1
717,56.059,765.643,136.026,212.93,0.4249,9.347,210.925,3.108,1
718,64.606,799.889,149.894,206.74,0.4407,9.587,215.902,2.976,0
719,60.666,773.555,137.298,200.724,0.4362,8.831,217.757,3.195,0
720,58.115,751.472,127.7,230.384,0.4094,9.484,225.882,3.142,0
721,61.635,760.112,141.368,203.474,0.4372,10.031,214.856,3.228,0
722,66.286,800.842,152.551,212.462,0.4263,9.893,221.091,3.062,0
723,53.333,740.646,138.007,196.496,0.4153,9.295,209.81,3.155,0
724,56.313,797.194,153.981,212.908,0.431,9.011,205.943,3.233,0
725,58.493,777.079,145.822,202.715,0.4178,9.661,212.818,3.128,0
726,67.552,761.591,143.374,206.102,0.3992,8.689,207.678,3.229,0
727,63.074,770.095,141.73,217.641,0.4307,9.889,215.202,3.161,0
728,64.916,763.294,142.878,213.309,0.4281,9.425,211.448,3.198,0
729,57.667,793.209,143.88,214.301,0.4126,10.141,204.709,3.242,0
730,57.746,790.844,150.841,197.115,0.4166,8.896,223.17,3.267,0
731,63.702,749.991,140.676,223.744,0.4146,9.821,212.516,3.206,0
732,62.221,772.857,138.169,198.962,0.4328,9.465,206.838,3.143,0
733,64.085,765.61,141.046,221.359,0.4228,9.384,219.741,3.168,0
734,61.287,802.891,147.502,218.723,0.4173,9.021,211.271,3.245,0
735,63.057,756.28,134.198,212.242,0.4324,9.709,220.578,3.129,0
736,62.601,809.207,145.887,203.355,0.3919,9.737,211.405,3.188,0
737,64.956,781.026,154.168,213.23,0.4036,10.125,212.65,3.173,0
738,65.067,760.772,146.691,206.605,0.385,9.853,217.092,3.193,0
739,55.844,764.424,144.089,210.032,0.4341,9.292,217.227,3.129,0
740,53.46,760.874,153.068,209.776,0.403,9.149,217.818,3.07,0
741,65.807,759.151,137.42,192.024,0.4276,9.021,215.008,3.236,0
742,66.513,784.189,167.479,223.92,0.4256,10.016,218.185,3.267,0
743,58.122,755.764,136.137,207.401,0.4369,9.228,218.263,3.075,0
744,54.933,736.866,133.846,203.668,0.4091,10.018,215.155,3.226,1
745,62.376,773.373,140.227,204.467,0.4205,9.684,214.332,3.276,0
746,65.537,749.494,138.454,211.428,0.4577,9.615,208.198,3.242,1
747,68.831,770.218,147.915,203.491,0.4533,9.393,218.816,3.171,0
748,63.962,764.715,139.617,190.774,0.4416,9.731,215.446,3.134,0
749,60.587,763.541,152.499,214.907,0.4302,9.495,212.762,3.206,0
750,58.606,814.151,156.919,216.775,0.3934,9.371,220.982,3.217,0
751,62.044,781.039,147.205,208.888,0.4327,9.744,207.866,3.207,0
752,60.863,783.791,139.774,199.667,0.4162,9.45,223.084,3.187,0
753,58.143,745.903,137.7,209.106,0.4386,9.221,214.426,3.124,0
754,69.785,772.511,141.815,197.583,0.4105,9.71,217.522,3.23,0
755,68.784,787.606,143.024,201.347,0.415,9.478,213.839,3.233,0
756,66.317,763.933,134.745,201.738,0.427,9.671,207.183,3.214,0
757,58.501,794.421,168.029,221.818,0.4208,9.341,213.882,3.208,0
758,65.249,760.138,137.197,205.382,0.4339,9.077,217.064,3.318,0
759,64.431,776.182,133.656,203.921,0.4105,10.107,218.673,3.156,0
760,63.682,770.376,137.225,223.927,0.3982,10.041,214.212,3.29,0
761,66.749,785.57,146.31,213.108,0.4479,9.809,204.607,3.149,0
762,64.414,769.799,145.766,212.881,0.4674,9.364,207.581,3.278,0
763,64.812,776.671,147.885,207.677,0.4289,9.395,225.598,3.286,0
764,64.42,777.081,148.861,206.078,0.3969,9.984,209.828,3.179,1
765,63.295,767.493,136.734,190.69,0.4092,9.376,222.291,3.316,0
766,55.222,785.004,148.884,218.604,0.4279,9.279,209.516,3.233,0
767,62.318,784.466,140.207,212.532,0.443,10.155,214.126,3.139,0
768,59.886,777.243,139.835,207.43,0.3989,9.483,217.872,3.174,0
769,57.137,769.577,135.449,206.801,0.4204,10.119,210.315,3.279,0
770,68.391,797.853,142.037,215.237,0.4191,9.011,223.728,3.265,0
771,68.57,779.369,152.26,199.16,0.4357,9.681,216.167,3.126,0
772,67.165,777.32,149.016,206.165,0.4145,10.225,217.924,3.19,0
773,62.97,782.418,152.562,202.573,0.3912,9.51,213.778,3.214,0
774,67.132,813.361,155.284,226.434,0.4228,9.408,218.909,3.164,0
775,62.046,755.899,143.207,216.611,0.4463,9.091,222.899,3.365,0
776,62.771,794.281,136.955,190.609,0.4149,9.879,214.436,3.216,0
777,57.845,743.638,140.133,196.819,0.4364,9.23,223.15,3.196,0
778,63.509,784.741,147.662,209.527,0.4103,9.467,212.123,3.283,0
779,62.229,808.478,157.933,209.066,0.3977,9.068,218.848,3.174,0
780,57.05,786.073,149.482,200.391,0.437,10.045,216.852,3.271,0
781,61.805,782.964,138.98,224.234,0.4262,9.904,209.634,3.083,0
782,61.697,769.745,131.437,209.517,0.4314,9.489,216.033,3.168,0
783,68.831,784.316,141.31,212.987,0.446,9.096,215.857,3.273,0
784,65.398,777.332,148.154,205.158,0.4017,10.038,211.142,3.31,0
785,62.043,765.876,145.594,215.909,0.4136,9.372,216.795,3.146,0
786,62.945,775.302,134.015,204.54,0.424,9.113,215.845,3.138,0
787,62.168,783.663,139.231,206.464,0.4089,8.883,214.657,3.24,0
788,61.229,765.766,135.667,212.835,0.4377,9.274,214.565,3.156,0
789,57.887,763.225,137.466,195.311,0.4208,8.991,214.056,3.181,0
790,61.426,755.2,128.026,219.042,0.4083,9.282,213.093,3.261,0
791,59.165,785.474,136.688,209.63,0.4198,9.761,215.359,3.162,0
792,57.249,787.203,141.408,219.457,0.4213,9.369,211.21,3.062,0
793,63.943,785.238,147.175,201.875,0.4355,9.624,228.517,3.109,0
794,63.487,798.191,142.193,201.997,0.4225,9.247,208.132,3.201,0
795,55.211,777.847,143.544,200.384,0.4288,9.523,211.262,3.07,1
796,61.534,786.8,154.45,214.081,0.4241,10.172,212.415,3.179,0
797,65.784,787.55,138.153,209.021,0.4147,9.378,225.657,3.103,0
798,66.025,780.566,143.725,206.004,0.407,9.635,208.882,3.315,0
799,65.898,772.589,149.95,202.976,0.4271,8.952,217.597,3.352,0
800,62.148,819.936,154.053,201.859,0.404,10.032,216.26,3.126,0
801,58.789,770.099,138.014,208.075,0.4529,9.333,216.283,3.218,0
802,57.882,765.749,148.869,207.127,0.4477,9.868,220.688,3.133,0
803,63.309,788.532,145.416,204.607,0.4293,9.457,221.236,3.178,0
804,63.441,785.326,154.329,224.429,0.4255,9.714,212.918,3.326,0
805,66.892,757.404,141.224,208.511,0.4241,9.735,216.557,3.167,0
806,66.18,802.507,149.352,221.118,0.3917,9.342,206.181,3.18,0
807,61.498,778.028,147.766,206.343,0.4166,9.882,215.435,3.134,0
808,57.272,757.403,140.464,210.96,0.4275,9.234,210.463,3.28,0
809,60.787,800.731,158.366,212.497,0.4189,9.772,213.923,2.972,1
810,62.825,791.716,144.676,196.348,0.4255,9.363,206.672,3.169,0
811,61.232,756.816,138.333,219.96,0.4424,9.622,216.932,3.197,0
812,59.804,810.781,153.804,210.856,0.3998,9.338,206.254,3.154,0
813,62.961,792.387,153.645,217.873,0.4046,9.517,215.857,3.26,1
814,60.085,778.763,137.453,202.323,0.4464,9.124,208.638,3.284,0
815,59.613,807.311,160.312,212.05,0.427,9.587,210.465,3.101,0
816,63.184,783.518,149.32,204.016,0.4121,9.515,220.916,3.347,0
817,60.472,778.654,135.378,217.771,0.4184,9.311,217.756,3.1,0
818,62.928,768.625,150.045,213.601,0.421,9.481,220.857,3.29,0
819,63.038,791.044,163.952,217.106,0.4178,9.547,222.923,3.21,0
820,57.67,786.197,153.872,222.817,0.427,9.284,210.616,3.165,1
821,60.171,779.258,154.766,221.399,0.4658,9.455,222.275,3.171,0
822,67.464,768.785,142.233,215.514,0.4262,9.148,208.328,3.198,0
823,57.584,779.91,133.342,196.062,0.4319,10.321,218.201,3.215,0
824,53.957,774.32,130.387,201.22,0.3911,9.871,211.568,3.136,1
825,54.925,752.106,138.417,200.521,0.4182,9.596,209.499,3.184,0
826,62.111,753.568,132.927,213.164,0.4487,9.91,218.086,3.146,0
827,62.117,790.237,141.669,210.632,0.4247,8.807,219.739,3.115,0
828,61.553,732.92,130.437,195.672,0.3528,8.605,219.523,3.143,0
829,66.614,786.235,151.18,209.85,0.4306,9.36,216.628,3.12,0
830,51.843,765.808,130.573,194.873,0.4581,9.018,214.441,3.171,0
831,63.505,804.376,149.171,210.492,0.378,9.417,217.815,3.23,0
832,67.933,774.381,153.883,198.711,0.4488,9.572,217.231,3.208,0
833,57.714,789.514,140.327,213.203,0.3677,9.822,217.193,3.338,0
834,60.557,772.062,148.707,213.839,0.4389,9.102,215.847,3.045,0
835,59.139,780.474,141.749,224.548,0.4197,9.64,218.871,3.233,0
836,58.601,791.394,152.239,218.376,0.3749,9.505,206.456,3.2,0
837,60.76,770.992,149.979,207.712,0.4303,9.622,214.195,3.257,0
838,67.424,800.921,156.465,219.067,0.4355,9.318,208.732,3.25,0
839,68.982,765.954,147.15,199.292,0.4301,9.984,217.221,3.188,1
840,60.723,784.601,138.319,200.83,0.4294,9.464,223.056,3.212,0
841,69.239,800.589,158.972,215.739,0.4074,10.121,213.498,3.148,0
842,62.135,791.955,142.618,192.21,0.3835,9.223,215.652,3.243,0
843,68.664,818.161,158.265,212.621,0.4229,9.76,219.582,3.068,0
844,61.645,766.063,142.627,201.316,0.455,9.479,204.619,3.254,0
845,62.498,755.449,141.031,209.937,0.4465,9.385,212.449,3.198,0
846,63.389,762.866,142.218,200.766,0.3885,9.721,216.989,3.166,0
847,74.08,798.532,144.653,213.318,0.3881,9.395,201.965,3.184,0
848,65.235,790.742,138.773,208.785,0.4021,8.568,210.504,3.189,0
849,59.312,780.362,151.215,222.57,0.3912,8.428,220.182,3.291,0
850,65.682,761.812,140.844,209.14,0.4253,9.945,220.457,3.426,0
851,60.625,793.047,156.96,206.482,0.4238,9.931,216.707,3.285,0
852,60.139,756.932,137.766,206.434,0.4,10.161,219.188,3.16,0
853,65.453,802.76,141.992,198.584,0.4283,9.494,216.49,3.244,0
854,62.118,831.499,167.213,218.136,0.4179,9.048,217.791,3.247,0
855,63.059,787.178,144.561,214.622,0.4083,9.353,213.549,3.135,0
856,62.053,790.525,150.552,230.975,0.4143,9.504,215.585,3.112,0
857,63.279,771.832,138.017,203.489,0.3869,9.148,211.992,3.196,0
858,63.615,748.304,147.001,208.298,0.4219,10.077,221.511,3.257,0
859,54.64,765.103,134.395,203.061,0.4239,10.284,221.725,3.087,0
860,64.533,761.721,137.154,209.971,0.4276,9.667,222.204,3.15,0
861,58.268,751.901,137.323,211.364,0.4338,9.496,212.512,3.24,0
862,56.519,807.988,145.751,209.738,0.4174,9.047,209.573,3.203,0
863,61.778,784.789,148.75,219.516,0.414,10.041,221.358,3.299,0
864,62.319,787.01,158.386,208.009,0.4234,9.527,217.758,3.101,0
865,59.365,772.988,139.463,216.671,0.4398,9.399,216.327,3.365,0
866,65.158,778.625,147.354,214.826,0.4186,9.668,212.211,3.092,1
867,56.9,794.557,130.121,206.63,0.4221,9.295,216.516,3.058,1
868,60.454,778.567,144.298,207.326,0.417,9.551,209.388,3.196,0
869,59.777,788.33,145.308,229.481,0.4063,8.995,217.904,3.121,0
870,61.823,776.375,138.183,201.964,0.4303,9.88,221.873,3.197,0
871,63.06,774.424,150.897,213.681,0.4114,9.463,223.282,3.195,0
872,58.17,752.569,134.487,201.685,0.4338,9.906,218.083,3.186,0
873,64.752,745.914,133.532,221.762,0.429,9.43,208.42,3.141,0
874,62.239,775.424,140.987,216.212,0.4157,9.452,216.015,3.23,0
875,54.811,777.063,130.701,201.427,0.4148,9.076,224.836,3.178,1
876,54.557,752.756,128.903,210.559,0.4177,9.766,209.764,3.277,1
877,61.953,779.354,151.534,213.499,0.3905,9.193,214.698,3.187,0
878,61.16,780.506,130.382,202.651,0.4268,9.33,221.967,3.132,0
879,61.607,740.976,127.929,212.31,0.4339,9.5,218.039,3.082,0
880,61.894,763.469,137.243,211.408,0.4394,9.542,227.388,3.188,0
881,62.857,787.802,159.546,214.926,0.4085,8.903,211.439,3.111,0
882,65.601,788.948,153.065,211.439,0.4519,9.419,210.483,3.106,0
883,57.778,756.912,134.173,211.067,0.4189,9.778,220.614,3.237,1
884,57.547,780.403,154.252,213.871,0.4041,9.368,208.486,3.076,0
885,57.845,796.118,144.652,210.396,0.3981,9.421,213.518,3.299,0
886,63.098,794.591,156.441,207.389,0.3851,9.557,214.804,3.211,0
887,66.731,780.887,135.754,221.516,0.4474,9.456,220.748,3.197,0
888,60.361,770.675,149.715,202.634,0.447,9.139,217.875,3.128,0
889,52.494,763.443,137.19,211.703,0.435,9.487,216.145,3.254,0
890,55.525,784.859,139.258,206.175,0.4027,9.848,212.211,3.2,0
891,58.834,781.771,144.011,223.859,0.4522,9.132,220.695,3.152,0
892,59.881,790.164,149.99,203.87,0.4111,9.369,234.875,3.214,0
893,60.448,781.52,141.993,203.456,0.4148,9.016,218.27,3.082,0
894,62.147,794.818,153.323,204.073,0.4422,9.829,215.516,3.086,0
895,60.815,781.051,141.234,211.759,0.4316,9.468,208.369,3.122,0
896,65.987,796.318,154.238,201.048,0.4555,9.202,212.291,3.224,0
897,59.431,794.262,152.374,207.794,0.4209,9.532,213.623,3.2,0
898,58.723,763.716,139.688,191.613,0.4169,9.079,211.934,3.273,0
899,63.82,748.454,132.447,209.162,0.4169,9.138,215.138,3.136,0
900,56.165,804.573,153.433,207.853,0.3806,8.989,223.19,3.24,0
901,70.481,700.434,128.482,171.302,0.4136,9.127,209.414,3.192,0
902,69.39,664.354,128.239,191.837,0.4483,9.975,202.253,3.134,1
903,68.44,681.843,125.629,172.117,0.4341,9.243,196.891,3.227,0
904,75.035,712.213,134.996,191.015,0.4161,9.663,210.411,3.195,0
905,66.636,688.665,142.719,180.73,0.4037,9.207,202.471,3.156,1
906,76.829,690.089,125.138,195.283,0.4253,9.766,195.307,3.203,1
907,68.143,719.745,133.816,190.376,0.432,9.141,206.459,3.191,0
908,64.147,673.48,121.472,173.599,0.4331,9.514,207.546,3.189,1
909,69.266,680.779,111.671,172.171,0.4266,9.518,190.902,3.171,1
910,64.91,696.556,120.359,186.263,0.4053,10.315,198.386,3.109,1
911,66.143,700.457,121.094,179.482,0.4342,9.721,202.105,3.205,1
912,70.509,704.764,130.462,182.287,0.3612,9.292,206.854,3.144,0
913,71.111,712.563,127.05,193.069,0.4225,9.74,200.675,3.129,0
914,66.636,697.274,124.65,176.373,0.4657,10.248,198.556,3.183,1
915,72.752,705.873,133.874,185.123,0.3901,8.93,207.086,3.251,1
916,73.399,692.753,128.368,190.818,0.4162,9.205,201.186,3.213,0
917,74.458,699.13,123.107,188.496,0.4188,9.417,206.365,3.163,1
918,71.012,698.042,119.223,179.892,0.4109,9.354,197.684,3.16,0
919,74.181,701.721,132.963,181.881,0.437,9.384,196.86,3.245,0
920,61.853,704.975,131.41,169.94,0.426,9.044,205.919,3.032,1
921,67.792,704.328,114.555,171.692,0.4204,9.991,204.118,3.256,0
922,65.705,693.984,120.503,183.998,0.4346,9.002,207.217,3.069,1
923,69.453,680.685,119.864,180.207,0.4239,9.43,200.391,3.101,1
924,66.828,695.024,128.459,183.8,0.4772,9.866,198.764,3.164,1
925,68.369,694.148,129.115,191.659,0.4229,9.489,209.728,3.352,0
926,76.152,702.411,127.211,173.428,0.4217,9.157,196.243,3.317,0
927,68.355,734.363,138.906,183.61,0.3794,9.028,209.18,3.249,0
928,70.572,686.437,120.88,183.043,0.4124,9.42,209.791,3.225,1
929,68.117,702.116,120.418,175.799,0.4389,9.235,207.195,3.07,0
930,69.288,714.391,126.988,194.329,0.3911,9.572,199.595,3.211,0
931,69.023,696.777,123.666,189.415,0.3807,9.009,198.92,3.162,1
932,70.704,738.018,135.663,187.107,0.4098,9.785,202.154,3.143,0
933,73.428,690.631,108.49,193.162,0.4458,9.54,197.056,3.211,0
934,75.26,704.277,123.001,170.009,0.4184,9.566,198.943,3.167,1
935,70.177,681.269,119.274,181.118,0.4174,10.004,206.365,3.261,0
936,71.24,689.905,119.502,184.161,0.3878,9.347,206.516,3.064,0
937,64.627,697.076,121.895,174.44,0.4276,9.246,197.227,3.205,1
938,68.666,710.05,130.931,186.151,0.4281,9.308,206.341,3.138,0
939,72.573,702.709,117.76,171.995,0.386,9.433,205.7,3.171,1
940,72.291,719.474,118.946,186.633,0.4343,9.468,210.944,3.221,1
941,69.804,693.733,120.183,189.843,0.4341,9.209,205.942,3.122,1
942,72.368,690.874,127.111,185.083,0.4414,8.792,208.697,3.211,0
943,70.865,744.697,149.722,173.056,0.4181,9.304,205.609,3.185,0
944,73.561,704.605,131.356,176.104,0.4294,9.626,208.447,3.154,0
945,70.1,682.654,109.018,183.442,0.4325,9.548,196.696,3.167,0
946,67.648,681.76,117.401,180.938,0.4389,9.92,202.229,3.189,0
947,70.276,678.734,119.917,159.77,0.3913,10.184,202.958,3.146,1
948,57.864,705.733,127.463,192.925,0.3903,9.766,200.445,3.2,0
949,70.455,689.241,125.048,183.544,0.4082,9.984,205.394,3.181,0
950,55.136,689.667,114.981,173.683,0.419,9.768,204.508,3.157,1
951,62.451,690.255,122.031,189.746,0.4282,10.098,204.175,3.311,0
952,70.717,709.111,130.176,178.158,0.4223,10.148,202.321,3.229,0
953,70.815,680.757,124.507,176.824,0.4437,9.833,199.539,3.173,0
954,64.583,673.21,110.823,182.188,0.4461,9.747,207.956,3.21,1
955,66.294,697.549,121.349,195.885,0.4037,9.428,204.424,3.128,1
956,74.208,708.682,108.178,191.728,0.4209,9.486,198.532,3.169,1
957,67.161,699.974,120.142,184.249,0.4035,9.382,201.811,3.178,0
958,77.523,685.118,116.364,184.239,0.4191,9.717,195.306,3.113,0
959,68.993,707.191,119.52,187.566,0.4227,9.248,203.176,3.227,0
960,70.551,682.463,120.398,171.372,0.3618,9.433,202.194,3.165,1
961,68.144,773.992,142.806,214.67,0.4649,8.676,212.865,3.175,1
962,62.498,763.283,124.17,199.545,0.4344,10.103,222.983,3.16,1
963,58.191,801.326,152.906,214.287,0.4039,9.423,208.762,3.407,0
964,61.583,791.172,141.853,207.488,0.4519,9.659,218.482,3.154,0
965,61.865,790.815,151.644,215.471,0.411,10.01,225.917,3.055,0
966,56.814,799.597,141.906,210.264,0.4175,9.605,219.764,3.088,0
967,61.028,830.093,160.238,188.768,0.3987,10.006,214.726,3.253,1
968,59.18,747.683,133.323,208.862,0.4578,9.065,208.991,3.294,0
969,65.513,768.641,143.714,214.854,0.4209,10.339,208.611,3.152,0
970,62.132,768.981,142.567,213.032,0.4254,9.88,212.958,3.29,1
971,60.925,764.094,138.442,207.737,0.4456,9.573,211.436,3.252,0
972,61.597,760.382,128.361,219.477,0.4354,9.999,211.354,3.187,0
973,62.848,775.073,133.181,209.891,0.4203,9.091,213.47,3.182,0
974,64.344,759.39,134.73,211.242,0.4451,9.399,214.77,3.213,0
975,58.201,783.941,146.124,218.603,0.4647,10.005,216.97,3.261,0
976,58.042,778.754,140.368,211.882,0.426,8.847,208.336,3.228,0
977,66.198,790.967,152.667,204.503,0.4194,9.696,212.093,3.153,0
978,60.433,788.277,145.529,190.61,0.421,9.686,214.014,3.188,0
979,56.616,787.893,140.613,205.218,0.4416,10.189,213.376,3.339,0
980,63.686,774.206,141.315,215.277,0.4107,8.946,224.384,3.218,0
981,63.761,819.149,158.326,210.107,0.4052,10.063,216.373,3.261,0
982,56.183,781.021,147.58,216.977,0.3921,9.304,206.234,3.238,0
983,62.872,746.955,148.235,211.902,0.407,9.344,217.196,3.219,0
984,64.795,763.495,135.366,218.185,0.4148,9.072,218.064,3.208,0
985,63.423,749.453,135.322,205.509,0.4266,9.119,214.545,3.263,0
986,64.402,781.633,148.473,214.505,0.4514,9.641,209.221,3.25,0
987,56.664,774.873,143.298,213.673,0.4309,9.111,223.15,3.218,0
988,63.258,772.26,139.174,220.731,0.4055,9.759,209.802,3.151,0
989,60.85,815.564,144.824,196.308,0.398,9.268,218.166,3.227,0
990,60.165,788.873,144.086,206.132,0.4425,9.075,215.78,3.195,0
991,65.308,794.889,141.951,216.117,0.4366,9.315,218.401,3.178,0
992,67.621,766.332,128.813,218.806,0.4239,9.618,224.209,3.388,0
993,68.819,765.766,135.16,209.756,0.4156,9.403,218.626,3.092,0
994,66.996,783.41,138.693,206.271,0.4394,9.512,212.806,3.267,0
995,61.583,782.885,149.952,217.146,0.4014,9.744,220.48,3.14,0
996,63.34,747.324,139.405,215.719,0.4352,9.879,212.005,3.209,0
997,64.914,778.357,138.18,205.622,0.4613,9.391,216.167,3.38,0
998,62.46,780.507,143.33,212.275,0.4236,9.135,208.59,3.133,0
999,62.497,776.401,130.912,216.345,0.4069,9.527,209.893,3.149,0
1000,65.13,767.081,137.664,223.51,0.4306,9.665,215.633,3.199,0
1001,61.775,770.164,144.842,215.906,0.414,8.989,216.813,3.141,0
1002,59.229,775.292,149.362,211.313,0.3961,9.188,206.155,3.262,0
1003,60.425,780.768,140.239,208.52,0.4324,9.248,217.297,3.163,0
1004,64.409,792.211,156.026,216.885,0.4371,9.427,211.192,3.246,0
1005,62.011,799.462,140.229,208.025,0.4095,9.234,221.4,3.107,0
1006,63.293,775.413,134.89,209.293,0.4144,9.747,213.395,3.074,0
1007,64.546,773.19,147.925,202.18,0.4044,8.938,209.687,3.184,0
1008,60.576,787.094,158.826,223.418,0.4155,8.947,215.208,3.09,0
1009,64.874,792.576,152.227,202.468,0.4067,9.383,210.764,3.306,0
1010,63.44,772.976,142.61,206.017,0.4036,9.439,221.517,3.093,0
1011,57.308,791.646,133.128,208.169,0.4511,8.991,214.44,3.127,0
1012,67.481,800.647,137.037,224.176,0.4232,9.288,214.899,3.229,0
1013,60.097,802.204,152.567,208.283,0.4248,9.36,217.731,3.159,0
1014,55.711,808.551,151.059,206.005,0.4288,9.362,209.221,3.094,0
1015,58.029,762.22,131.925,202.717,0.4383,9.553,208.078,3.343,0
1016,58.12,778.116,144.894,223.248,0.413,9.268,216.576,3.13,0
1017,62.198,780.312,145.9,187.699,0.4248,10.017,209.525,3.186,0
1018,60.959,777.662,150.91,203.278,0.4157,9.671,209.375,3.185,0
1019,60.72,767.609,142.239,231.243,0.431,9.218,219.03,3.25,0
1020,64.355,754.555,145.965,214.939,0.4325,9.533,217.908,3.232,0
1021,63.292,782.379,145.77,201.321,0.4125,9.543,208.886,3.142,0
1022,63.201,766.83,140.242,208.618,0.3994,9.925,212.048,3.177,0
1023,63.557,782.404,153.172,212.337,0.422,9.29,210.668,3.184,0
1024,64.341,766.995,134.249,214.404,0.4196,9.769,224.163,3.252,0
1025,53.99,755.801,157.441,227.453,0.392,9.515,218.569,3.118,0
1026,60.615,783.456,148.664,213.914,0.4283,10.022,212.73,3.341,0
1027,53.715,778.16,147.114,206.147,0.4378,9.952,216.887,3.147,0
1028,62.137,790.502,151.826,217.798,0.4629,9.569,208.236,3.199,0
1029,61.982,819.336,169.941,209.901,0.4031,9.408,211.635,3.119,0
1030,65.973,787.176,152.7,203.427,0.4085,9.677,216.001,3.109,0
1031,66.513,791.214,137.129,194.189,0.3972,9.437,217.803,3.139,0
1032,62.771,761.028,149.133,198.388,0.4285,10.088,214.605,3.132,0
1033,60.099,755.79,135.351,200.706,0.4297,9.527,216.012,3.171,0
1034,63.844,809.505,154.602,202.69,0.398,9.358,215.613,3.131,0
1035,59.994,762.274,130.727,209.366,0.4213,9.339,213.941,3.249,0
1036,61.995,761.206,143.045,199.975,0.3891,9.075,213.519,3.145,0
1037,65.747,781.357,140.848,183.937,0.4363,9.695,213.318,3.137,0
1038,59.88,777.211,144.864,201.619,0.4068,9.213,215.905,3.172,0
1039,65.062,765.439,138.643,204.827,0.423,9.884,217.421,3.269,0
1040,64.574,775.926,157.253,207.852,0.3953,9.047,216.301,3.215,0
1041,58.372,800.133,164.916,226.538,0.4045,9.545,208.672,3.193,0
1042,65.701,767.528,141.584,204.34,0.4181,9.903,210.449,3.1,0
1043,64.655,756.374,138.36,215.587,0.4257,8.747,217.313,3.12,0
1044,62.387,797.18,147.54,210.407,0.4243,10.206,222.405,3.111,0
1045,59.103,787.268,154.922,211.845,0.4441,9.351,215.414,3.291,0
1046,58.735,767.035,138.808,201.955,0.4364,9.549,212.55,3.237,1
1047,59.957,750.397,133.17,206.927,0.4447,9.7,215.877,3.14,0
1048,64.062,767.731,148.169,204.576,0.4491,9.754,209.563,3.16,0
1049,58.369,777.018,140.337,210.334,0.431,9.596,221.109,3.142,0
1050,63.663,801.896,151.305,209.497,0.4139,9.849,216.132,3.138,0
1051,57.281,758.746,127.555,198.605,0.4435,9.682,211.086,3.232,1
1052,61.225,778.052,149.345,218.891,0.4398,10.116,214.073,3.18,0
1053,62.417,792.382,162.301,217.221,0.4286,9.683,212.415,3.346,0
1054,71.291,742.248,138.723,205.035,0.4033,10.188,222.673,3.288,0
1055,56.766,795.73,159.951,214.453,0.4009,9.815,213.361,3.292,0
1056,67.594,761.792,133.615,206.825,0.4196,8.868,216.448,3.247,0
1057,62.569,786.289,148.541,203.838,0.4325,10.414,217.937,3.17,0
1058,63.562,785.3,139.988,209.461,0.4183,9.299,211.484,3.242,0
1059,62.45,799.77,149.337,205.986,0.4355,10.023,216.023,3.176,0
1060,63.69,790.846,153.659,204.346,0.441,9.509,216.575,3.314,0
1061,61.416,736.888,132.779,194.329,0.4524,9.871,207.16,3.228,1
1062,67.525,768.913,131.785,204.224,0.4445,9.259,216.927,3.218,0
1063,60.265,781.534,136.255,212.612,0.401,9.719,214.563,3.209,0
1064,66.302,778.857,134.989,202.24,0.429,9.411,216.166,3.322,0
1065,59.551,787.25,150.615,231.401,0.4073,10.053,214.884,3.1,0
1066,61.771,794.083,163.672,221.193,0.3868,9.654,216.268,3.329,0
1067,57.927,788.712,157.151,223.108,0.4126,9.828,221.198,3.187,0
1068,63.729,777.094,130.856,213.25,0.4446,8.743,209.31,3.102,0
1069,67.491,749.786,145.883,225.017,0.4358,9.47,213.948,3.147,0
1070,61.706,771.64,149.047,204.594,0.4584,9.644,218.298,3.084,0
1071,61.252,787.083,136.308,187.602,0.4214,9.578,217.315,3.246,0
1072,57.764,758.042,136.29,204.515,0.4695,9.836,216.789,3.127,1
1073,61.129,790.884,155.934,216.871,0.4205,9.372,228.663,3.212,0
1074,55.947,793.022,152.76,212.919,0.4171,9.517,217.344,3.279,0
1075,58.531,780.376,135.949,210.213,0.3969,9.913,220.238,3.153,0
1076,62.862,725.326,132.873,217.899,0.4537,8.702,213.568,3.181,0
1077,67.012,759.751,123.963,208.428,0.416,9.706,210.637,3.109,0
1078,72.675,819.823,155.387,218.676,0.3984,9.383,214.709,3.173,0
1079,59.771,768.936,149.647,203.506,0.4458,9.181,218.292,3.38,0
1080,67.454,747.285,135.314,199.106,0.449,9.618,217.689,3.254,0
1081,62.926,802.744,148.331,223.646,0.4347,9.93,217.127,3.181,0
1082,61.425,779.924,151.203,212.172,0.4135,9.864,213.859,3.157,0
1083,63.644,800.793,158.061,207.888,0.4139,9.453,213.328,3.197,0
1084,62.235,785.115,155.705,207.384,0.4176,9.807,214.129,3.209,0
1085,62.42,788.485,153.666,206.713,0.432,9.804,218.673,3.171,0
1086,60.448,785.681,154.274,206.369,0.4465,9.469,219.017,3.237,0
1087,56.687,789.633,153.02,201.499,0.4242,9.257,209.331,3.133,0
1088,56.134,817.768,158.189,200.898,0.4461,9.278,218.108,3.133,0
1089,64.482,798.843,151.28,209.821,0.4314,9.793,212.044,3.226,0
1090,60.949,750.976,134.632,202.976,0.423,9.485,217.218,3.118,0
1091,59.735,786.794,138.552,217.439,0.4332,9.134,213.768,3.251,0
1092,62.032,800.564,144.482,212.231,0.4456,8.91,222.833,3.199,1
1093,65.021,803.31,150.019,213.227,0.4501,9.791,213.272,3.072,0
1094,62.685,772.698,144.5,203.945,0.4432,9.309,215.975,3.208,0
1095,59.507,799.598,160.965,212.544,0.4156,9.616,217.734,3.082,0
1096,66.66,799.262,150.486,214.095,0.4113,9.934,211.189,3.249,0
1097,68.001,829.606,166.906,220.549,0.418,9.042,215.356,3.183,0
1098,63.879,767.534,148.815,210.088,0.4532,9.484,213.893,3.33,0
1099,65.7,772.902,141.25,217.808,0.4296,9.44,212.875,3.275,0
1100,66.719,777.086,148.288,210.787,0.4289,9.633,213.368,3.126,0
1101,66.294,773.538,141.357,215.541,0.4225,9.934,221.075,3.059,0
1102,64.334,765.263,149.834,207.145,0.4178,9.035,212.287,3.147,0
1103,64.274,731.522,134.908,193.279,0.4292,9.699,218.105,3.115,0
1104,63.975,773.262,134.645,209.869,0.4241,9.861,216.81,3.328,0
1105,57.83,784.355,147.437,216.339,0.4498,9.435,207.515,3.199,0
1106,64.663,772.587,154.313,216.652,0.4175,9.452,217.915,3.265,0
1107,56.848,812.003,153.332,215.211,0.4129,9.646,207.314,3.18,0
1108,58.981,778.58,147.708,207.807,0.4048,9.621,217.778,3.187,0
1109,66.954,805.963,156.61,206.1,0.4264,9.704,213.058,3.198,0
1110,65.193,786.462,139.682,213.244,0.443,9.696,215.425,3.277,0
1111,67.652,797.984,153.97,215.385,0.4447,9.156,209.207,3.222,0
1112,60.968,784.459,136.581,203.661,0.4225,9.847,215.488,3.126,0
1113,57.621,802.23,147.29,219.379,0.4248,9.908,219.109,3.314,0
1114,61.086,780.504,152.681,204.627,0.4171,9.565,210.856,3.18,0
1115,62.388,789.143,150.24,206.485,0.4272,8.977,212.011,3.168,0
1116,62.3,786.759,144.896,223.069,0.424,9.46,217.309,3.002,0
1117,66.308,777.18,147.279,217.45,0.4218,9.568,217.915,3.244,0
1118,60.627,786.535,146.54,207.475,0.4208,9.099,202.664,3.207,0
1119,63.338,820.955,157.374,215.021,0.4179,9.374,225.238,3.207,0
1120,58.243,773.067,147.518,211.792,0.4164,9.007,217.192,3.172,0
1121,63.711,788.492,142.456,187.475,0.4135,9.713,218.69,3.16,1
1122,62.012,802.647,152.076,204.305,0.4451,9.558,214.284,3.174,0
1123,59.151,798.957,148.501,210.364,0.4641,8.924,205.381,3.232,1
1124,61.104,779.718,133.816,204.687,0.3984,9.623,218.266,3.245,0
1125,61.3,736.714,125.571,207.702,0.4082,9.48,212.09,3.184,0
1126,60.973,788.736,158.598,222.027,0.4006,9.681,217.596,3.266,0
1127,68.731,743.752,136.819,205.628,0.4272,9.363,214.714,3.194,0
1128,61.626,806.253,143.611,201.233,0.4296,9.219,216.145,3.165,0
1129,61.073,782.541,134.98,210.394,0.43,9.23,211.014,3.214,0
1130,54.03,793.61,148.298,208.113,0.4197,9.312,218.366,3.105,0
1131,58.602,761.893,150.496,209.961,0.434,9.507,208.65,3.216,0
1132,61.0,751.505,135.144,205.498,0.4147,9.552,226.108,3.092,1
1133,59.394,783.26,155.127,230.163,0.4148,9.433,225.877,3.128,0
1134,67.25,782.283,148.148,192.767,0.4191,9.352,223.794,3.059,0
1135,61.373,770.808,145.541,207.012,0.3938,9.377,221.302,3.188,0
1136,66.896,784.217,136.915,208.192,0.398,10.378,215.165,3.313,1
1137,62.234,829.943,166.546,208.491,0.3873,9.23,220.861,3.192,0
1138,62.141,795.099,147.185,217.679,0.43,9.305,214.536,3.245,0
1139,61.663,798.705,156.653,219.07,0.4197,10.653,207.192,3.365,1
1140,62.014,795.199,143.86,209.367,0.4272,9.647,222.518,3.228,0
1141,68.531,810.223,155.306,210.102,0.3793,9.017,221.428,3.146,0
1142,53.185,771.731,144.983,209.101,0.3954,9.795,213.786,3.156,0
1143,54.394,738.831,131.571,206.207,0.4422,9.181,207.961,3.2,0
1144,59.936,775.47,146.473,209.697,0.3711,9.818,211.821,3.156,0
1145,62.055,794.642,147.528,209.052,0.4384,9.426,205.901,3.161,0
1146,64.622,763.986,135.652,209.963,0.3912,9.346,220.04,3.269,0
1147,63.798,777.814,155.583,218.354,0.4357,10.063,207.199,3.272,0
1148,60.54,766.745,148.366,200.898,0.4073,9.698,216.259,3.085,0
1149,65.872,809.166,148.424,202.348,0.4316,9.841,211.246,3.143,0
1150,65.915,795.643,153.672,197.92,0.4738,9.652,208.336,3.168,0
1151,62.699,792.112,143.435,216.587,0.3761,9.344,216.276,3.242,0
1152,65.658,793.201,140.667,211.049,0.4292,9.714,213.77,3.28,0
1153,63.036,779.899,152.206,215.628,0.3875,9.923,219.315,3.389,0
1154,59.866,782.383,133.786,196.097,0.4271,9.547,208.406,3.167,0
1155,64.652,760.125,145.526,224.395,0.4212,10.131,211.532,3.171,0
1156,62.42,740.875,131.494,202.158,0.4321,9.798,203.112,3.241,0
1157,62.005,782.704,144.33,211.198,0.4029,9.574,204.079,3.152,0
1158,67.597,788.91,150.541,218.054,0.4318,9.588,224.663,3.19,0
1159,52.687,796.644,154.062,204.098,0.3898,9.548,224.3,3.171,0
1160,56.613,805.321,146.812,206.028,0.436,9.062,214.817,3.016,0
1161,57.489,805.779,157.758,214.24,0.4062,9.468,210.34,3.209,0
1162,60.62,761.276,140.177,231.799,0.3994,9.577,213.342,3.187,0
1163,61.032,773.127,134.146,210.021,0.4504,9.354,219.252,3.289,0
1164,56.272,785.496,145.46,222.952,0.4174,9.618,211.741,3.2,1
1165,58.256,823.515,167.724,224.645,0.4435,9.507,215.739,3.112,0
1166,58.729,804.843,164.189,217.166,0.4358,9.771,214.544,3.182,0
1167,71.338,805.285,157.607,204.86,0.3993,9.732,213.277,3.054,0
1168,68.847,776.785,135.703,216.433,0.4193,9.559,213.191,3.115,0
1169,60.435,763.242,143.407,197.665,0.4264,9.021,216.279,3.244,0
1170,60.618,793.44,154.988,225.004,0.4441,10.127,209.95,3.183,0
1171,57.633,757.786,143.416,211.252,0.4334,9.45,216.735,3.265,0
1172,54.749,771.72,148.011,189.461,0.4252,9.472,211.772,3.062,1
1173,61.556,777.69,146.85,207.683,0.417,9.38,215.584,3.183,0
1174,58.208,806.587,152.469,216.875,0.4124,9.329,221.465,3.167,0
1175,61.678,773.438,138.773,206.734,0.4451,10.04,214.12,3.267,0
1176,55.919,732.749,117.539,209.679,0.4319,9.985,218.869,3.247,1
1177,59.104,787.487,149.624,204.217,0.411,9.656,205.692,3.245,0
1178,62.565,767.728,142.621,199.029,0.4129,9.462,212.716,3.308,0
1179,63.392,781.533,149.363,210.388,0.4096,9.717,215.305,3.174,0
1180,63.586,779.312,135.431,208.147,0.3949,9.526,224.807,3.293,1
1181,56.982,772.314,147.209,207.699,0.4084,9.433,204.598,3.127,0
1182,65.248,796.012,164.186,224.039,0.443,9.618,214.909,3.124,0
1183,58.959,750.736,136.77,201.388,0.4236,9.346,221.919,3.253,0
1184,64.405,772.016,142.173,211.883,0.4347,9.588,211.363,3.095,0
1185,61.96,792.29,150.85,211.831,0.3723,9.571,213.931,3.24,0
1186,56.77,766.07,155.047,199.757,0.4337,9.711,216.031,3.207,0
1187,60.798,750.381,128.949,195.916,0.4245,9.283,215.778,3.275,0
1188,63.388,792.798,150.262,211.253,0.4081,9.749,222.995,3.196,0
1189,64.329,801.497,145.851,226.037,0.4179,9.183,217.522,3.204,0
1190,61.464,778.895,140.84,213.719,0.4114,9.3,221.575,3.236,0
1191,67.821,747.906,135.025,194.0,0.3898,9.315,213.898,3.154,1
1192,65.829,794.813,158.875,188.169,0.4329,9.125,211.757,3.151,0
1193,61.025,749.586,148.483,216.631,0.432,9.855,213.754,3.233,0
1194,64.85,787.126,150.275,210.391,0.4126,9.161,209.547,3.198,0
1195,69.348,768.067,138.784,217.763,0.4056,9.255,218.299,3.171,0
1196,69.45,763.22,157.415,205.686,0.3977,9.939,213.965,3.194,0
1197,57.334,769.479,138.851,211.449,0.4267,9.3,211.081,3.312,0
1198,58.479,774.764,139.431,215.544,0.4504,9.434,217.071,3.169,0
1199,67.643,771.508,130.028,203.126,0.4258,9.146,209.959,3.167,1
1200,57.979,788.385,157.288,209.295,0.393,9.792,218.37,3.08,0
